Operador;Pais
Afghan Army;Afganistan
Ariana Afghan Airlines;Afganistan
Kam Air;Afganistan
Military - Afghan Republican Air Force;Afganistan
Military - Argentine Air Force;Afganistan
Military - Taliban Militia;Afganistan
Pamir Airlines;Afganistan
Military - Dostum-Galboddin Militia;Afghanistan
Air Afrique;Africa
West African Airways;Africa Occidental
Tigres Voladores;Albania
Aerolineas Condor;Alemania
Bakhtar Afghan Airlines;Alemania
Blue Hawaiian Helicopter;Alemania
Blue Water Aviation Services;Alemania
Calair;Alemania
Condor Flugdienst;Alemania
Continentale Deutsche Luftreederei;Alemania
Deutche Lufthansa;Alemania
Deutsche Lufthansa;Alemania
Germanwings;Alemania
Lufthansa;Alemania
Lufthansa Cargo Airlines;Alemania
Lufthansa Cityline;Alemania
NFD - Nurnberger Flugdienst;Alemania
Swan Aviation;Alemania
Transfair;Alemania
Military - West German Air Force;Alemania Occidental
Interflug;Alemania Oriental
Angola Air Charter;Angola
DTA Angola Airlines;Angola
Force Area Populaire de Angola;Angola
Fuerza Area Angolaise;Angola
Guicango;Angola
Lineas Aereas de Angola;Angola
Military - Angolan  Air Force;Angola
Military - Angolan Air Force;Angola
Military - FANA Forca Aerea Nacional Angolana;Angola
TAAG Angola Airlines;Angola
Leeward Islands Air Transport;Antigua y Barbuda
Antillean Airlines;Antillas Neerlandesas
Ababeel Aviaition;Arabia Saudita
Aramco Associated Company;Arabia Saudita
Military - Royal Saudi Air Force;Arabia Saudita
SATCO;Arabia Saudita
Saudi Arabian Airlines;Arabia Saudita
Saudi Arabian Airlines / Kazakhstan Airlines;Arabia Saudita
Saudi Arabian Royal Flight;Arabia Saudita
Air Algerie;Argelia
Military - Algerian Air Force;Argelia
Transport Comp. Algerienne de T.A.;Argelia
Aerolineas Argentinas;Argentina
Aerolineas Flecha Austral;Argentina
Aerolineas Flecha Austral - ALFA;Argentina
Aerolineas Litoral Argentina;Argentina
Alas del Sur;Argentina
Austral Lineas Aeras (Argentina);Argentina
CATA;Argentina
CATA Linea Aerea;Argentina
FAMA (Argentina);Argentina
LAPA, Lineas Aereas Privadas Argentinas;Argentina
Lineas Aereas Comerciales;Argentina
Lineas Aereas del Estado;Argentina
Lineas Aereas Mineras;Argentina
Lineas Aereas Unidas;Argentina
Military - Angolan Armed Forces;Argentina
Military - LADE;Argentina
Private - Techint  group;Argentina
SOL Lineas Aereas;Argentina
Yacimientos Petroliferos Fiscales;Argentina
YPF;Argentina
Ararat Avia;Armenia
Arax Airlines;Armenia
Armavia;Armenia
Tura Air Enterprise;Aruba
Aero-Tropics;Australia
Airlines of Australia;Australia
Alliance Airlines;Australia
Ansett ANA;Australia
Aurukun Air Services;Australia
Australian Aerial Services;Australia
Australian Corporate Jet Centres PTY. LTD;Australia
Australian National Airways;Australia
Heavylift Cargo Airlines;Australia
Heliwork WA Pty Ltd. - Air Taxi;Australia
Holyman Airways;Australia
Holymans Airways;Australia
Hunter Airways;Australia
Mac Roberston-Miller Airlines;Australia
Mac Robertson Miller Airlines;Australia
MacRobertson Miller Airlines;Australia
Military - Royal Australian Air Force;Australia
North Coast Aviation;Australia
North Queensland Airways;Australia
Pavair;Australia
Pel Air;Australia
Qantas;Australia
Queensland Airlines;Australia
Sunbird Aviation;Australia
TAA;Australia
Trans Aircraft (Western) Ltd.;Australia
United Air Services;Australia
Victoria Airlines;Australia
West Australian Airways;Australia
Westwing;Australia
Whyalla Airlines;Australia
Austria-Flugdienst;Austria
Austrian Airlines;Austria
Bar Harbor Airlines;Austria
Globe Air;Austria
Lauda Air;Austria
Oefag Flugdienst;Austria
AZAL Cargo Company;Azerbaiyan
Azerbaijan Airlines;Azerbaiyan
Azerbaijani Airlines;Azerbaiyan
Military - Australian Army Aviation;Azerbaiyan
Silk Way Airlines;Azerbaiyan
Bhoja Airlines;Bahamas
Islands of the Bahamas Inc;Bahamas
Trans International Airlines;Bahamas
Gulf Air;Bahrein
United Airways;Banglades
US-Bangla Airlines;Banglades
Bangkok Airlines;Bangladesh
Bearskin Airlines / Air Sandy;Belgica
Kappel-Van Eyck Airways;Belgica
Military - Azerbaijan Air Force;Belgica
Military - Royal Belgian Air Force;Belgica
Sabena;Belgica
Sobelair SA (Belgium);Belgica
Transafrik;Belgica
Transafrik - United Nations Charter;Belgica
Bek Air;Belice
Transaviaexport Airlines;Bielorrusia
Burma Airways;Birmania
Military - Union of Burma Air Force;Birmania
Union of Burma Airways;Birmania
Aerocon;Bolivia
Aerolineas Abaroa;Bolivia
Corporacion Boliviano de Fomento;Bolivia
LAMIA Bolivia;Bolivia
LARES;Bolivia
Lineas Aereas;Bolivia
Lloyd Aereo Boliviano;Bolivia
Lloyd Aero Boliviano;Bolivia
Lloyd Aero Boliviano SA;Bolivia
Military - Belgian Air Force;Bolivia
Military - Bolivian Air Force;Bolivia
Military - TAM (Bolivia);Bolivia
North East Bolivian Airways;Bolivia
Servicio Aereo Manchupo;Bolivia
Servicios Aereas Virgen de Copacabana;Bolivia
Servicios Aeronauticos Sucre (SASCA);Bolivia
TAM (Bolivia);Bolivia
TAM (Transportes Aereos Militares);Bolivia
Urcupina;Bolivia
YPFB Transportes Aereos;Bolivia
Aero Brasil;Brasil
Aeroleo Taxi Aereo;Brasil
Aeronorte;Brasil
Aerotaxi Manaus;Brasil
Aerovias Brasil;Brasil
Air taxi - Lider Air Taxi;Brasil
Air Taxi - Marco Zero Air Taxi;Brasil
AmazonavesAir Taxi;Brasil
Amazonese Importacao e Exportacao;Brasil
Asa Pesada;Brasil
Bharat Airways;Brasil
Cia Brasiliera de Tratores;Brasil
Cruzeiro;Brasil
Cruzeiro Do Sud;Brasil
Cruzeiro do Sul;Brasil
Gol Airlines / Private;Brasil
Loide Aereo Nacional;Brasil
Military - TAM;Brasil
Navegacao Aerea Brasileira;Brasil
Nordeste Linhas Aereas;Brasil
Oeste Linhas Aereas;Brasil
Onzeair;Brasil
Panair do Brasil;Brasil
Panair do Brasil SA;Brasil
Panair do Brazil;Brasil
Paraense Transportes Aereos;Brasil
Piquiatuba Taxi Aereo;Brasil
REAL Transportes Aereos;Brasil
Rico Linhas Aereas;Brasil
Rico Taxi Aero;Brasil
Sadia;Brasil
Selva Taxi Aero;Brasil
Servicio Expresso Nacional;Brasil
SUDENE;Brasil
TAM (Brazil);Brasil
Transamazonica;Brasil
Transbrasil;Brasil
Varig;Brasil
VASP;Brasil
VASP / Private;Brasil
Viacao Aerea Gaucha S.A.;Brasil
VIARCO;Brasil
Military - Brazilian Air Force;Brazil
REAL;Brazil
Balair;Bulgaria
Bulair TABSO;Bulgaria
Galaxy Kavatsi Airlines;Bulgaria
Military - Bulgarian;Bulgaria
TABSO;Bulgaria
Talia Airways;Bulgaria
Transportno Aviatsionno Bulgaro-Soviet Obshchestvo;Bulgaria y Union Sovietica
Cabo Verde Airlines;Cabo Verde
TACV-Cabo Verde Airlines;Cabo Verde
Cambodia Air;Camboya
Air Cameroon;Camerun
Cameroon Airlines;Camerun
Air Canada;Canada
Air Manitoba;Canada
Air North;Canada
Air Ontario;Canada
Air Saint Maurice Inc.;Canada
Air Satellite;Canada
Air Taroma;Canada
Air Taxi - National Helicopters;Canada
Air Transat;Canada
Air West;Canada
Arctic Sunwest Charters;Canada
Austin Airways;Canada
Avion Airways;Canada
Bay of Plenty Airways;Canada
Bazair;Canada
Blue Bird Air Service;Canada
Bodensee Aerolloyd;Canada
Bombardier Aerospace;Canada
British Columbia Airways;Canada
Buffalo Narrows Airways;Canada
Canadian Colonial Airways;Canada
Canadian Pacific Air Lines;Canada
Canair Cargo;Canada
Central Mountain Air Services;Canada
Curtiss-Reid Flying Services Ltd. (Canada);Canada
First Air;Canada
Goose Bay Air Services;Canada
Harbour Air;Canada
Harbour Air Seaplanes Ltd.;Canada
Inuvik Coastal Airways;Canada
Kelowna Flightcraft Air Charter;Canada
Labradore Airways;Canada
Lambair;Canada
Laurentian Air Services;Canada
Liard Air;Canada
Marine Airways;Canada
Maritime Central Airways;Canada
Marquise Aviation Corp.;Canada
Mattagami Skyways;Canada
Mililtary - Royal Canadian Air Force;Canada
Military - Royal Canadian Air Force;Canada
Nahanni Air Services;Canada
Nordair;Canada
North Canada Air;Canada
North Western Air Transport;Canada
Northern Thunderbird Air Inc.;Canada
Northern Thunderbird Air Ltd.;Canada
Okanagan Helicopters;Canada
Ontario Hydro;Canada
Ornge Air Ambulance;Canada
Pacific Air;Canada
Pacific Coastal Airlines;Canada
Pacific Western;Canada
Pacific Western Airlines;Canada
Perimeter Airlines;Canada
Petroleum Helicopter;Canada
Petrolium Helicopter;Canada
Petrolium Helo Inc.;Canada
Points North Air Services;Canada
Private - de Havilland Aircraft;Canada
Propair;Canada
Provincial Airlines;Canada
Ptarmigan Airways;Canada
Quebecair;Canada
Queen Charlotte Airlines;Canada
Regina Cargo Airlines;Canada
Rimouski Airlines;Canada
Rousseau Aviation;Canada
Saint Lawrence Airways;Canada
Saskatchewan Government Northern Air Operations;Canada
Seair Seaplanes;Canada
Service Air;Canada
Sowind Air;Canada
Spartan Air Services;Canada
Starair;Canada
Strait Air;Canada
Summit Air;Canada
Summit Air Charters;Canada
Superior Aviation;Canada
Survair;Canada
Tadair;Canada
Trans Air Cargo;Canada
Trans Air Services;Canada
Trans Australia Airlines;Canada
Trans Canada Air Lines;Canada
Trans-Canada Air Lines;Canada
Victoria Air;Canada
Wasaya Airways;Canada
West Coast Air;Canada
West Wind Aviation;Canada
Western Canada Airways;Canada
Wheeler Airlines;Canada
Winship Air;Canada
West Caribbean Airways;Caribe Occidental
Military - Centrafricain Airlines;Central African Republic
Military - Chadian Air Force;Chad
Ceskoslovenske Aerolinie;Checoslovaquia
Spencer Airways / Ceskoslovenske Aerolinie;Checoslovaquia
Aero Sudpacifico;Chile
Aeronor Chile;Chile
Chilean Air Force;Chile
Fuerzs Aerea De Chile;Chile
Ladeco;Chile
LAN;Chile
Lan Chile;Chile
Military - Chilean Air Force;Chile
SAESA;Chile
Air China;China
CAAC;China
Capital Airlines;China
China Eastern Airlines;China
China Flying Dragon Aviation (Feilong Airlines);China
China General Aviation Corporation;China
China National Aviation Corporation;China
China Northern Airlines;China
China Northwest Airlines;China
China Southern Airlines;China
China Southern Airlines / Xiamen Airlines;China
China Southwest Airlines;China
CNAC;China
Henan Airlines;China
Manchurian Air Lines;China
Military - Chinese Air Force;China
Military - People's Liberation Army;China
Oriental Airlines;China
People's Liberation Army Air Force;China
Shanxi Airlines;China
Wuhan Airlines;China
Helios Airways;Chipre
Aca-Ancargo;Colombia
ACES Colombia;Colombia
ADES Colombia;Colombia
AECA Cargo;Colombia
Aerevias Centrales Air Service;Colombia
Aerocondor Colombia;Colombia
Aerocondor de Colombia;Colombia
Aerocosta Colombia;Colombia
Aeroejecutivos Colombia;Colombia
Aerolineas Centrales de Colombia;Colombia
Aeronorte Colombia;Colombia
Aeropesca Colombia;Colombia
Aerosucre Colombia;Colombia
Aerotaca;Colombia
Aerovanguardia;Colombia
AIRES Colombia;Colombia
ALIANSA Colombia;Colombia
Avesca Colombia;Colombia
Avianca;Colombia
AVIANCA / AVIANCA;Colombia
CORAL Colombia;Colombia
Fuerza Aerea Colombiana;Colombia
Helicol Colombia;Colombia
Helicopteros Nacionales de Colombia;Colombia
LAC Colombia;Colombia
LAC Columbia;Colombia
LACOL;Colombia
LANC Colombia;Colombia
Laser Aereo Colombia;Colombia
Lloyd Aereo Colombiano;Colombia
Miliitary - SATENA;Colombia
Military - Colombia Air Force;Colombia
Military - Colombian Air Force;Colombia
Military - Colombian Army;Colombia
Military - Colombian government;Colombia
Military - Fuerza Aerea Colombiana;Colombia
Military -Fuerza Aerea Colombiana;Colombia
SA Amazonica;Colombia
SADELCA;Colombia
SAM Colombia;Colombia
Satena;Colombia
SCADTA;Colombia
SELVA Colombia;Colombia
Servicio Aereo Columbiano / SCADTA;Colombia
Sociedad Aeronautica Medellin;Colombia
TAC Colombia;Colombia
TAMPA Colombia;Colombia
Taxi Aereo de Santander;Colombia
Transoriente Colombia;Colombia
Transportes Aereos Orientales;Colombia
Air Comores;Comoras
Congo Airline;Congo
Military - Congolese Air Force;Congo
CAAK;Corea del Norte
Asiana Airlines;Corea del Sur
Korean Air;Corea del Sur
Korean Airlines;Corea del Sur
Private  - Daewoo Shipbuilding;Corea del Sur
Air Ivoire;Costa de Marfil
Air Ivorie;Costa de Marfil
LACSA;Costa Rica
SANSA;Costa Rica
Aerocaribbean;Cuba
Aerocaribbean - Charter;Cuba
Aerovias Cuba International;Cuba
Cubana de Aviacion;Cuba
Cubana de Aviacion / Military -  US Navy;Cuba
Military - Cuban Air Force;Cuba
Scandinavian Airlines (SAS);Dinamarca
Scandinavian Airlines (SAS) / Private;Dinamarca
Sterling Airways;Dinamarca
Aero Taxis Equatorianos;Ecuador
Aerochasqui;Ecuador
Aerovias Condor;Ecuador
Archipelagos Service Aereos;Ecuador
Ecuatair;Ecuador
Lineas Aereas Suramericanas;Ecuador
Military - Ecuador Army;Ecuador
Military - Ecuadorean Air Force;Ecuador
Military - Ecuadorian Air Force;Ecuador
SAETA;Ecuador
SAN Ecuador;Ecuador
SAVCO;Ecuador
SELVA;Ecuador
Servicios Aereos Nacionales;Ecuador
Servicios Aereos Nacionales Airways;Ecuador
Shell Co of Ecuador;Ecuador
TAME;Ecuador
TAME Ecuador;Ecuador
Transmandu;Ecuador
Egyptair;Egipto
Flash Air;Egipto
Metrojet;Egipto
Misair;Egipto
Misrair;Egipto
Nile Delta Air Services;Egipto
Swifair;Egipto
United Arab Airlines;Egipto
Military - Egyptian Air Force;Egypt
Aerolineas El Salvador;El Salvador
Military - El Salvador Air Force;El Salvador
Military - Salvadoran Air Force;El Salvador
Military - Servicio Aereo Nacional;El Salvador
TACA;El Salvador
TACA International Airlines;El Salvador
Aerogulf;Emiratos Arabes Unidos
Emirates;Emiratos Arabes Unidos
Emirates Air Transport;Emiratos Arabes Unidos
Flydubai;Emiratos Arabes Unidos
Prestige Airlines (Cargo) Charter;Emiratos Arabes Unidos
Military - Government of Equatorial Guinea;Equatorial Guinea
Adastra Airways;Eslovaquia
Military - Slovak Air Force;Eslovaquia
Skylink Airlines;Eslovaquia
Si Fly - U.N. charter;Eslovenia
Aero Eslava;España
Aviaco;España
BHS - Brazilian Helicopter Service  Air Taxi;España
Iberia Airlines;España
Iberia Airlines / Aviaco;España
Lineas Aereas de Espana/Spantax SA Transportes;España
Military - Spanish Air Force;España
Military - Spanish Air Force.;España
Paukn Air;España
Spanair;España
Spantax;España
Tech - Aeronautical Explotiation;España
Aaxico Airlines;Estados Unidos
Ace Air Cargo;Estados Unidos
Adventure Airlines;Estados Unidos
Aerial Transit Company;Estados Unidos
Aero Air;Estados Unidos
Aero Mayflower Transit Co;Estados Unidos
Aeroservice International;Estados Unidos
Agape Flight Inc.;Estados Unidos
Agco Corp;Estados Unidos
Air Ambulance - Med-Trans Corp.;Estados Unidos
Air ambulance - Mercy Air Services;Estados Unidos
Air Amercia;Estados Unidos
Air America;Estados Unidos
Air Angles Inc.;Estados Unidos
Air Cargo Carriers;Estados Unidos
Air Carriers Express Services Inc;Estados Unidos
Air Evac Lifeteam;Estados Unidos
Air Florida;Estados Unidos
Air Hawaii;Estados Unidos
Air Illinois;Estados Unidos
Air Memphis;Estados Unidos
Air Methods / Classic Helicopters;Estados Unidos
Air New England;Estados Unidos
Air South;Estados Unidos
Air Sunshine;Estados Unidos
Air Tahoma;Estados Unidos
Air Taxi;Estados Unidos
Air Taxi - Air Grand Canyon Inc.;Estados Unidos
Air Taxi - Airis Helicopters Inc.;Estados Unidos
Air Taxi - Bohemia Inc.;Estados Unidos
Air Taxi - Centre Airlines Inc.;Estados Unidos
Air Taxi - Coastal Helicopters Inc.;Estados Unidos
Air Taxi - El Aero Services Inc.;Estados Unidos
Air Taxi - EMS;Estados Unidos
Air Taxi - Great Northern Aircraft Co.;Estados Unidos
Air Taxi - Hawaii Helicopters Inc.;Estados Unidos
Air Taxi - Ohana Helicopter Tours;Estados Unidos
Air Taxi - Papillion Helicopters Ltd.;Estados Unidos
Air Taxi - Paramount Aviation Corp.;Estados Unidos
Air Taxi - Petroleum Helicopters Inc.;Estados Unidos
Air Taxi - Raco Helicopters Corp.;Estados Unidos
Air Taxi - South Coast Helicopters Inc.;Estados Unidos
Air Taxi - Talon Air Services Inc.;Estados Unidos
Air Taxi - US Helicopters Inc.;Estados Unidos
Air Taxi - Uyak Air Services Inc.;Estados Unidos
Air Taxi - Wolfe Air Aviation Ltd.;Estados Unidos
Air US / Private;Estados Unidos
Air Wisconsin;Estados Unidos
Airborne Express;Estados Unidos
Airborne Freight Company Union;Estados Unidos
Air-Lift Commuter;Estados Unidos
AirNow;Estados Unidos
AirWest Airlines;Estados Unidos
Alamo Airways;Estados Unidos
Alaska Aeronautical Industries;Estados Unidos
Alaska Airlines;Estados Unidos
Alaska Central Express;Estados Unidos
Alaska Coastal Airlines;Estados Unidos
Alaska Helicopter - Air Taxi;Estados Unidos
Alaska International Air;Estados Unidos
Alaska Travel;Estados Unidos
Alaska-Washington Airways;Estados Unidos
All West Freight;Estados Unidos
Allegheny Airlines;Estados Unidos
Allegheny Airlines / Forth Corporation;Estados Unidos
Allied Air Freight;Estados Unidos
Aloha Airlines;Estados Unidos
Aloha Island Air;Estados Unidos
Alpha Airways;Estados Unidos
Alpine Adventures;Estados Unidos
Ambler Air Service;Estados Unidos
American Air  Export & Import Co.;Estados Unidos
American Airlines;Estados Unidos
American Airlines / Military - USAF;Estados Unidos
American Airlines / Private;Estados Unidos
American Airways;Estados Unidos
American Eagle;Estados Unidos
American Export Airlines;Estados Unidos
American Express Leasing;Estados Unidos
American Flyers Airline;Estados Unidos
American International Airways;Estados Unidos
American Jet;Estados Unidos
American Overseas Airlines;Estados Unidos
Ameriflight;Estados Unidos
Ameristar Jet Charter;Estados Unidos
Angel Flight;Estados Unidos
Arctic Circle Air Service;Estados Unidos
Arctic Wings & Rotors;Estados Unidos
Arrow Airlines;Estados Unidos
Arrow Airways;Estados Unidos
Atlantic Central Airlines;Estados Unidos
Atlantic City Airlines;Estados Unidos
Atlantic Coast Airlines (United Express);Estados Unidos
Atlantic Southeast Airlines;Estados Unidos
Atlas Air serving Amazon;Estados Unidos
AV Air / American Eagle;Estados Unidos
Aviation Enterprises;Estados Unidos
Aviatour's Fly'n Inc.;Estados Unidos
Avtex Air Services;Estados Unidos
Bangkok Airways;Estados Unidos
Bangladesh Biman;Estados Unidos
BHS - Brazilian Helicopter Services;Estados Unidos
BKS Air Transport;Estados Unidos
Blue Wing Airlines;Estados Unidos
Blue Wings Airlines;Estados Unidos
BOAC;Estados Unidos
Boeing Air Transport;Estados Unidos
Boeing KC-135E;Estados Unidos
Bonanza Airlines;Estados Unidos
Branch River Air Service;Estados Unidos
Braniff Airlines;Estados Unidos
Braniff Airways;Estados Unidos
Bremerton-Seattle Air Taxi / Gorst Air Lines;Estados Unidos
Britt Airways;Estados Unidos
Bruning Aviation;Estados Unidos
Burke Air Transport;Estados Unidos
Burlington Air Express;Estados Unidos
Business Air Connection;Estados Unidos
Business Jet Services;Estados Unidos
Butler Aviation Inc.;Estados Unidos
Cable Commuter;Estados Unidos
California Air Freight;Estados Unidos
California Air National Guard;Estados Unidos
California Aircraft;Estados Unidos
Capital Airlines / Military - Air National Guard;Estados Unidos
Capitol Airlines;Estados Unidos
Capitol Airways;Estados Unidos
Cascade Airways;Estados Unidos
Castle Aviation;Estados Unidos
Catalina Airlines;Estados Unidos
Central  Airlines (Universal Aviation Corporation);Estados Unidos
Central Airlines;Estados Unidos
Century Air Lines;Estados Unidos
Chalk's International Airlines;Estados Unidos
Chalk's Ocean Airways;Estados Unidos
Chamberlin Flying Service;Estados Unidos
Chelan Air Service;Estados Unidos
Chicago and Southern Airlines;Estados Unidos
Chicago Helicopter Airways;Estados Unidos
Chicago Southern Airlines;Estados Unidos
Chicago-Detroit Airways;Estados Unidos
Colonial Western Airlines;Estados Unidos
Columbia Pacific Airlines;Estados Unidos
Commercial Airways (Comair);Estados Unidos
Delta Air Lines;Estados Unidos
Delta Air Lines/ North Central Airlines;Estados Unidos
Eastern Air Lines;Estados Unidos
Express Airlines - Northwest Airlink;Estados Unidos
Federal Express;Estados Unidos
FedEx;Estados Unidos
Florida Commuter Airlines;Estados Unidos
Frontier Airlines;Estados Unidos
Frontier Flying Service;Estados Unidos
Galaxy Airlines;Estados Unidos
Golden West Airlines / Private;Estados Unidos
Grand Canyon Airlines;Estados Unidos
Hageland Aviation Services;Estados Unidos
Hageland Aviation Services Inc.;Estados Unidos
Hallo Bay Air - Air Taxi;Estados Unidos
Harrington's Inc;Estados Unidos
Heart of Texas Hot Air Balloon Rides;Estados Unidos
Helicopters Inc / KOMO TV;Estados Unidos
Heli-USA Airways;Estados Unidos
HiTech Helicopters;Estados Unidos
Houston Metro Airlines;Estados Unidos
Hughes Airwest  / Military - US Marine Air Corps;Estados Unidos
Independent Air Inc.;Estados Unidos
Interior Airways;Estados Unidos
Interstate Airlines;Estados Unidos
Island Airways;Estados Unidos
Island Airways Ltd.;Estados Unidos
Island Express Helicopter Service;Estados Unidos
Jack Harter Helicopters;Estados Unidos
Johnson Flying Service;Estados Unidos
Junction City Fire Department;Estados Unidos
Kansas City Southern Skyways;Estados Unidos
Kata Transportation;Estados Unidos
Knowles Flying Service of Detroit;Estados Unidos
Kodiak Airways;Estados Unidos
Kodiak Western Alaska Airlines;Estados Unidos
L & J Company;Estados Unidos
Lake Central Airlines;Estados Unidos
Lake Havasu Air;Estados Unidos
Las Vegas Airlines;Estados Unidos
Lehigh Acres Development Inc.;Estados Unidos
Liberty Helicopter Sightseeing Tours / Private;Estados Unidos
Liberty Helicopters;Estados Unidos
LifeNet;Estados Unidos
Lion Air Inc.;Estados Unidos
Living Water Teaching Ministries Charter;Estados Unidos
Lockheed AC-130H Hercules;Estados Unidos
Lone Star Airlines;Estados Unidos
Los Angeles Airways;Estados Unidos
Maddux Airlines;Estados Unidos
Maddux Airlines / Military - U.S.Army Air Force;Estados Unidos
Maryland State Police;Estados Unidos
Mavrik Aire Transport;Estados Unidos
Mc Aviation;Estados Unidos
McKinley Air Service - Air Taxi;Estados Unidos
Med Flight Air Ambulance - Private;Estados Unidos
Med-Trans Corporaion;Estados Unidos
Mercer Airlines;Estados Unidos
Metro Air Systems;Estados Unidos
Miami Airlines;Estados Unidos
Mid Continent Airlines;Estados Unidos
Mid Pacific Air;Estados Unidos
Middle States Airlines;Estados Unidos
Midwest Express;Estados Unidos
Military -  (2) U.S. Army Air Forces;Estados Unidos
Military  - US Air Force;Estados Unidos
Military - U. S. Air Force;Estados Unidos
Military - U.S.  Air Force / Military - U.S. Navy;Estados Unidos
Military - U.S. Air Force;Estados Unidos
Military - U.S. Air Force / Military -  U.S. Air Force;Estados Unidos
Military - U.S. Air Force / Military - U.S. Air Force;Estados Unidos
Military - U.S. Air Force / U.S. Air Force;Estados Unidos
Military - U.S. Air Force/Military - U.S. Air Force;Estados Unidos
Military - U.S. Army;Estados Unidos
Military - U.S. Army / Military - U.S. Army;Estados Unidos
Military - U.S. Army / Military U.S. Army;Estados Unidos
Military - U.S. Army Air Corps;Estados Unidos
Military - U.S. Army Air Force;Estados Unidos
Military - U.S. Army Air Forces;Estados Unidos
Military - U.S. Army Air Forces / Military - U.S. Army Air Forces;Estados Unidos
Military - U.S. Army Air Service;Estados Unidos
Military - U.S. Marine Corps;Estados Unidos
Military - U.S. Marine Corps/Military - U.S. Marine Corps;Estados Unidos
Military - U.S. Marines;Estados Unidos
Military - U.S. Misson;Estados Unidos
Military - U.S. Navy;Estados Unidos
Military - U.S. Navy / Military -  U.S. Navy;Estados Unidos
Military - U.S. Navy / Military - U.S. Navy;Estados Unidos
Military - U.S. Navy / NASA;Estados Unidos
Military - United States Air Force;Estados Unidos
Military - United States Army Air Force;Estados Unidos
Military - United States Navy;Estados Unidos
Military - US Air Force;Estados Unidos
Military - US Air Navy;Estados Unidos
Military - US Army;Estados Unidos
Military - US Navy;Estados Unidos
Military U.S. Navy / Military - U.S. Navy;Estados Unidos
Militiary - US Air Force;Estados Unidos
Miltiary - U.S. Airforce;Estados Unidos
Mohawk Airlines;Estados Unidos
Mountain Air Cargo;Estados Unidos
Mountain Lifeflight;Estados Unidos
Mt. McKinley Airfreight;Estados Unidos
National Air Cargo;Estados Unidos
National Airlines;Estados Unidos
National Jet Services Inc.,  (Air Indiana);Estados Unidos
National Parks Airways;Estados Unidos
National Skyway Freight Co.;Estados Unidos
New  York Helicopter;Estados Unidos
New England Airlines;Estados Unidos
New England Airways;Estados Unidos
New York Airways;Estados Unidos
North Central Airlines;Estados Unidos
North Central Airlines / Air Wisconsin;Estados Unidos
North Central Airlines / Private;Estados Unidos
North Continental Airlines (Robin Airlines);Estados Unidos
North Pacific Airlines;Estados Unidos
North Star Air Cargo;Estados Unidos
Northeast Airlines;Estados Unidos
Northern Air Cargo;Estados Unidos
Northern Illinois Flight Center;Estados Unidos
Northwest Airlines;Estados Unidos
Northwest Airlines/ Northwest Airlines;Estados Unidos
Northwest Airlink;Estados Unidos
Northwest Airways;Estados Unidos
Northwest Orient Airlines;Estados Unidos
NY, Phil., Washington AW;Estados Unidos
Omniflight Helicopters Inc.;Estados Unidos
Overseas National Airways;Estados Unidos
Ozark Air Lines;Estados Unidos
Ozark Air Lines / Private;Estados Unidos
Pacific Air Lines;Estados Unidos
Pacific Air Transport;Estados Unidos
Pacific Alaska Air Freight;Estados Unidos
Pacific Alaska Airlines;Estados Unidos
Pacific Northern Airlines;Estados Unidos
Pacific Overseas Airways;Estados Unidos
Pacific Southwest Airlines;Estados Unidos
Pacific Southwest Airlines / Private;Estados Unidos
Page Airways;Estados Unidos
Palwaukee;Estados Unidos
Pan American Airways;Estados Unidos
Pan American Airways (Scadta);Estados Unidos
Pan American Grace Airlines;Estados Unidos
Pan American Grace Airways;Estados Unidos
Pan American World Airways;Estados Unidos
Pan American World Airways / KLM;Estados Unidos
Panagra;Estados Unidos
Papillon;Estados Unidos
Papillon Grand Canyon Helicopters of Las Vegas;Estados Unidos
Paradise Airlines;Estados Unidos
Paradise Tour Helicopters;Estados Unidos
Paramount Airlilnes;Estados Unidos
Patuxent Airways / Private;Estados Unidos
Paul Kelly Flying Service Inc.;Estados Unidos
PenAir;Estados Unidos
Peninsular;Estados Unidos
Pennsylvania Airlines;Estados Unidos
Pennsylvania Central Airlines;Estados Unidos
Perris Valley Aviation;Estados Unidos
Petroleum Helicopters Inc;Estados Unidos
PHI Air Medical;Estados Unidos
Phoenix Airlines;Estados Unidos
Pickwick Airways;Estados Unidos
Piedmont;Estados Unidos
Piedmont Airlines;Estados Unidos
Piedmont Airlines / Private;Estados Unidos
Pilgrim Airlines;Estados Unidos
Pinnacle Airlines/Northwest Airlink;Estados Unidos
Pioneer Airlines;Estados Unidos
Pittsburgh Skyways Inc.;Estados Unidos
Planemasters;Estados Unidos
Presidental Airways Inc. - Air Taxi;Estados Unidos
Price Aircraft Company;Estados Unidos
Private - Aero Trans Corp;Estados Unidos
Private - Ashland Oil Company;Estados Unidos
Private - Boeing Aircraft Company;Estados Unidos
Private - Facilities Management Co.;Estados Unidos
Private - Hendrick Motorsports Inc.;Estados Unidos
Private - Mainline Aviation;Estados Unidos
Private - Omniflight Helicopters;Estados Unidos
Private - Overtec Company;Estados Unidos
Private - Purdue Reasearch Foundation;Estados Unidos
Private - WNBC;Estados Unidos
Private KNBC Los Angeles;Estados Unidos
Professional Aviation Services;Estados Unidos
Promech Air;Estados Unidos
Proteus Air / Private;Estados Unidos
Provincetown - Boston Airlines;Estados Unidos
Purdue Airlines Inc.;Estados Unidos
Rainbow King Lodge;Estados Unidos
Rapid Air Transport;Estados Unidos
REAL / Military - U.S. Navy;Estados Unidos
Rediske Air;Estados Unidos
Reeder Flying Service;Estados Unidos
Reeve Aleutian Airlines;Estados Unidos
Reeve Aleutian Airways;Estados Unidos
Resort Airlines;Estados Unidos
Reynolds Airways;Estados Unidos
Richmor Aviation;Estados Unidos
Riddle Airlines;Estados Unidos
Robinson Airlines;Estados Unidos
Rocky Mountain Airways;Estados Unidos
Rotor Airs Inc - Air Taxi;Estados Unidos
Rotorcraft Leasing Co;Estados Unidos
RRC Air Service;Estados Unidos
Rubner Flying Service;Estados Unidos
Rusts Flying Service Inc.;Estados Unidos
Ryan Air Services;Estados Unidos
Ryan Blake Air Charter;Estados Unidos
Ryan International Airlines;Estados Unidos
Saturn Airways;Estados Unidos
Savannair;Estados Unidos
Scenic Air Lines;Estados Unidos
Scenic Air Tours;Estados Unidos
Scenic Airlines;Estados Unidos
Sea Airmotive;Estados Unidos
Seattle Air Charter;Estados Unidos
SeaWind Aviation;Estados Unidos
Security Air;Estados Unidos
Shelter Cove Sea Park;Estados Unidos
Sierra Pacific Airlines;Estados Unidos
Simmons Airlines;Estados Unidos
Sky Executive Air Services;Estados Unidos
Skycraft Air Transport;Estados Unidos
Skyline Airways;Estados Unidos
Skyline Transportation Company;Estados Unidos
Skyward International Aviation;Estados Unidos
Skywest Airlines / Private.;Estados Unidos
Slick Airways;Estados Unidos
Slick Airways - Cargo;Estados Unidos
Smoky Mountain Helicopters;Estados Unidos
Snow Valley Ski Lines;Estados Unidos
Soldotna Air Services;Estados Unidos
Soloy Helicopters;Estados Unidos
South Central Airlines;Estados Unidos
South Pacific Island Airways;Estados Unidos
South West Aviaiton;Estados Unidos
Southcentral Air;Estados Unidos
Southeast Airlines;Estados Unidos
Southern Air Transport;Estados Unidos
Southern Airways;Estados Unidos
Southwest Air;Estados Unidos
Southwest Airlift;Estados Unidos
Southwest Airlines;Estados Unidos
Southwest Airways;Estados Unidos
Spokane Airways;Estados Unidos
STAAP;Estados Unidos
Standard Airlines;Estados Unidos
Starwood Management LLC;Estados Unidos
STASA;Estados Unidos
Strato Freight;Estados Unidos
Stratofreight;Estados Unidos
Sunbeam Air Transport Co.;Estados Unidos
Sundance Helicopters;Estados Unidos
Sundance Helicopters Inc.;Estados Unidos
Sunflower Airlines;Estados Unidos
Swift Aire Lines Inc.;Estados Unidos
T & G Aviation;Estados Unidos
TAO;Estados Unidos
Taquan Air Service;Estados Unidos
Team Air;Estados Unidos
Temesco Helicopter - Air Taxi;Estados Unidos
Temsco Airlines;Estados Unidos
Temsco Helicopter - Air Taxi;Estados Unidos
Tepper Aviation;Estados Unidos
Toa Domestic Airline (Japan);Estados Unidos
Total  Air Lines;Estados Unidos
Trans Caribbean Airways;Estados Unidos
Trans Colorado AL / Continental Express;Estados Unidos
Trans Continental Air Transport;Estados Unidos
Trans Guyana Airways;Estados Unidos
Trans Service Airlift;Estados Unidos
Trans World Airlines;Estados Unidos
Trans World Airlines / Castleton Inc.;Estados Unidos
Trans World Airlines / Eastern Air Lines;Estados Unidos
Trans World Airlines / Private;Estados Unidos
Transamerica Airlines;Estados Unidos
Transamerican Air Transport;Estados Unidos
Transamerican Airlines;Estados Unidos
Transcontinental;Estados Unidos
Transcontinental &Western Air;Estados Unidos
Transmeridian Air Cargo;Estados Unidos
Transocean Air Lines;Estados Unidos
TriCoastal Air;Estados Unidos
TVPX Aircraft Solutions;Estados Unidos
Tyee Airlines;Estados Unidos
U. S. Air Force;Estados Unidos
u.s. Air Force;Estados Unidos
U.S. Government (leased);Estados Unidos
U.S. Overseas Airways;Estados Unidos
United Air Lines;Estados Unidos
United Air Lines / Military - U.S. Air Force;Estados Unidos
United Air Lines / Trans World Airlines;Estados Unidos
United Express;Estados Unidos
United Express  / Private;Estados Unidos
United Parcel Service;Estados Unidos
United Parcel Service- UPS;Estados Unidos
Universal Airlines;Estados Unidos
Universal Airways;Estados Unidos
Universal Jet Aviation;Estados Unidos
University of Michigan Health System;Estados Unidos
US Aerial Mail Service;Estados Unidos
US Air Express/Air Midwest;Estados Unidos
US Airlines;Estados Unidos
US Airways;Estados Unidos
US Airways Express;Estados Unidos
USA Jet Airlines;Estados Unidos
USAir;Estados Unidos
USAir / Skywest Airlines;Estados Unidos
Valan International Cargo Charter;Estados Unidos
Valley Air Service;Estados Unidos
ValuJet;Estados Unidos
Vanair;Estados Unidos
Varney Air Lines;Estados Unidos
Varney Airlines;Estados Unidos
Viking Air Transport;Estados Unidos
Village Airways;Estados Unidos
VOTEC;Estados Unidos
VOTEC / VOTEC;Estados Unidos
Walcot Air Line;Estados Unidos
Webstas Aviation Services Inc.;Estados Unidos
Wedell-Williams Air Service Corporation;Estados Unidos
Wehite Cap Aviation;Estados Unidos
Wein Alaska Airlines Inc.;Estados Unidos
West Coast Airlines;Estados Unidos
Westair Transport;Estados Unidos
Western Air Express;Estados Unidos
Western Airlines;Estados Unidos
Western Helicopter;Estados Unidos
Western Straits Air;Estados Unidos
Wien;Estados Unidos
Wien Air Alaska;Estados Unidos
Wien Consolidated Airlines;Estados Unidos
Wiggins Airways;Estados Unidos
Wigmo;Estados Unidos
Win Win Aviation;Estados Unidos
Winchester Air;Estados Unidos
Winged Cargo Inc.;Estados Unidos
Wingfoot Air Express Goodyear Tire;Estados Unidos
Wings West Airlines / Private;Estados Unidos
World Airways;Estados Unidos
Wyoming Air Service;Estados Unidos
Zanex;Estados Unidos
Zantop Air Transport;Estados Unidos
Zantop International Airlines;Estados Unidos
Military - Ethiopian Air Force;Ethiopia
Ethiopian Airlines;Etiopia
Aerolift Philippines;Filipinas
Air Manila;Filipinas
Air Philippines;Filipinas
Asian Spirit;Filipinas
Aviation Development Corporation;Filipinas
Cebu Pacific Air;Filipinas
Fairways (Filipinas Orient Airways);Filipinas
Filipinas Orient Airways;Filipinas
Interisland Airlines;Filipinas
Kalinga Airlines;Filipinas
Laoag International Airlines;Filipinas
Lionair;Filipinas
Mabuhay Airways;Filipinas
MATS - Manila Aero Transport System;Filipinas
Miami Aviaition/Air Manila;Filipinas
Pacific Airways;Filipinas
Philippine Aerotransport;Filipinas
Philippine Air Express;Filipinas
Philippine Air Force;Filipinas
Philippine Air Lines;Filipinas
Renan Airways;Filipinas
Military - Finish Air Force;Finland
Copterline;Finlandia
Finnair;Finlandia
Suomen Urheiluilmailijat;Finlandia
Wasa Wings;Finlandia
Air Fiji;Fiyi
Military - French Air Force;France
Military - French Naval Aviation;France
Military - French Navy;France
Aeropostale;Francia
Aeropostale - La Tecoere Company;Francia
Aigle Azur;Francia
Air Bleu;Francia
Air Caraibes;Francia
Air Flamence;Francia
Air France;Francia
Air Guadeloupe;Francia
Air Inter;Francia
Air Littoral;Francia
Air Nautic;Francia
Air Ocean;Francia
Air Orient;Francia
Air Outremer;Francia
Air Outre-Mer;Francia
Air Rouergue;Francia
Air Services;Francia
Air Union;Francia
Airbus Industrie;Francia
Amee de l'Air;Francia
Brit Air;Francia
Campagnie France Roumaine;Francia
CIDNA;Francia
Cie Air Transport;Francia
Cie des Messageries Aeriennes;Francia
Compagnie Air Transport;Francia
CTA Languedoc Roussillon;Francia
Grands Express Aeriens;Francia
Grands Express Aeriens (Air Union);Francia
Latecoere Airlines;Francia
L'Express Airlines;Francia
Lignes Aeriennes Latecoere;Francia
Norair;Francia
Regional Airlines;Francia
Regional Compagnie Aerienne Europeenne;Francia
Societe Aerienne du Littoral;Francia
Societe Alpes Provence;Francia
Societe France Hydro;Francia
Societe Indochinoise de Raviteillement;Francia
Societe Indochinoise de Transport Aeriens;Francia
Societe Transatlantique Aerienne;Francia
STAP;Francia
T.A. Intercontinentaux;Francia
T.A. Intercontinentaux (France);Francia
TPI International Airways;Francia
Transport Aerien Intercontinentaux (France);Francia
Transport Arien Transregional;Francia
Union Aeromaritime de Transport;Francia
Union des Transportes Aeriens;Francia
Air Affaires Gabon;Gabon
Gabon Express;Gabon
Georgian Air;Georgia
Military - Georgian Air Force;Georgia
Transair Georgia Airlines;Georgia
Military - Deutsche Luftwaffe;Germany
Military - German Air National Guard;Germany
Military - German Army;Germany
Military - German Navy;Germany
Military - Luftwaffe;Germany
Military - Luftwaffe / Military - USAF;Germany
Ghana Airlink;Ghana
Ghana Airways;Ghana
Aerotechnia;Grecia
Greek Government;Grecia
Military - Royal Hellenic Air Force;Grecia
Olympic Airways;Grecia
Olympic Aviation;Grecia
Military - Greek Air Force;Greece
Military - Greek Army;Greece
Military - Hellenic Air Force;Greece
Nuna Air;Groenlandia
Aerovias de Guatemala SA;Guatemala
Aviateca;Guatemala
Military - Guatemalan Air Force;Guatemala
TAG Airlines;Guatemala
Guernsey Airways;Guernsey
Air Guinee;Guinea
Guiena Airways;Guinea
Guinea Airways;Guinea
Guinea Airways Limited;Guinea
Union des Transports Aeriens de Guinee;Guinea
Ecuato Guineana de Aviacion;Guinea Ecuatorial
Air Bissau;Guinea-Bissau
Guyana Airways;Guyana
Trans Continental and Western Air;Guyana
Air Haiti International;Haiti
Hati Express;Haiti
Tropical Airways;Haiti
Military - Honduran Air Force;Honduras
Sahsa Airlines;Honduras
TAN Honduras;Honduras
Cathay Pacific Airways;Hong Kong
Farnair Hungary;Hungria
Magyar Legiforagalmi;Hungria
Malev Hungarian Airlines;Hungria
Air India;India
Air India Exppress;India
Air India Express;India
Belize Air International Ltd.;India
Indamer;India
Indian Air Force;India
Indian Airlines;India
Indian Airlines/Alliance Airlines;India
Indian National Airlines;India
Indian National Airways;India
Military - Indian Air Force;India
Military - Indian Navy;India
Military - Royal Indian Air Force;India
Necon Air;India
Pawan Hans Helicopters Ltd.;India
Royal Indian Air Force;India
Sahara;India
State Airlines;India
Vayudoot;India
Adam Air;Indonesia
Airfast Indonesia;Indonesia
Aviastar Mandiri;Indonesia
Avistar Mandari;Indonesia
BAL Bremerhaven Airline;Indonesia
Bourag Indonesia Airlines;Indonesia
Bouraq Indonesia Airlines;Indonesia
Garuda  Indonesia Airlines / Garuda Indonesia Airlines;Indonesia
Garuda Indonesia Airlines;Indonesia
Indonesian Air Force;Indonesia
Indonesian National Police;Indonesia
Indonesian Police;Indonesia
Lion Air;Indonesia
Mandala Airlines;Indonesia
Manunggal Air;Indonesia
Merpati Nasantara Airlines;Indonesia
Merpati Nusantara Airlines;Indonesia
Military - Indonesian Air Force;Indonesia
Military - Indonesian Army;Indonesia
Military - Tentara Nasional Indonesia Navy;Indonesia
Nusantara Buana Air;Indonesia
Pelita Air Service;Indonesia
Private - Airfast Indonesia;Indonesia
PT Air Regional;Indonesia
Sabang Merauke Raya Air Charter;Indonesia
Sabeni;Indonesia
Sempati Air;Indonesia
Sriwijaya Air;Indonesia
TanaMana Aviation;Indonesia
Trans Isle Air;Indonesia
Trans Luxury Airlines;Indonesia
Trans-Luxury Airlines;Indonesia
Trigana Air Service;Indonesia
Turuhan Avia;Indonesia
Iraqi Airways;Irak
Military - Imperial Iranian Air Force;Iran
Military - Iranian Air Force;Iran
Military - Iranian Revolutionary Guard Corps Air Force;Iran
Military - Islamic Republic of Iran Air Force;Iran
Military - Islamic Revolution's Guards Corps;Iran
Aria Airlines;Iran
Caspian Airlines;Iran
Faraz Qeshm Airlines;Iran
Iran Air;Iran
Iran Air Tours;Iran
Iran Air Tours  /  Military - Iranian Air Force;Iran
Iran Aseman Airlines;Iran
Iran Asseman Airlines;Iran
Kish Airlines;Iran
Komala Air;Iran
Parsa;Iran
Saha Air;Iran
Saha Airline Services;Iran
Sepahan Airlines;Iran
Aer Lingus;Irlanda
Aer Turas;Irlanda
Mercury Aviation;Irlanda
Avalki Air;Islandia
Flugefelag;Islandia
Icelandair;Islandia
Loftleidir Icelandic Airlines;Islandia
Mannin Airways;Islas del Canal
Trans Canada Air Lines / RCAF;Islas del Caribe
Atlantic Airways;Islas Feroe
Solomon Islands Airlines;Islas Salomon
Virgin Islands Airways;Islas Virgenes
El Al;Israel
Military - Israel  Air Force;Israel
Sarit Airlines;Israel
Vehu Akat;Israel
Aeralpi;Italia
Aero Transporti Italiani;Italia
Aeroespresso;Italia
AIDA;Italia
Ala Littoria;Italia
Ala Littoria SA;Italia
Alitalia;Italia
ATI;Italia
Caproni Company;Italia
Itavia;Italia
LATI;Italia
Linee Aeree Italiane;Italia
Macchi;Italia
Ocean Airlines;Italia
Pan International;Italia
Rinaldo Piaggio;Italia
Scarta;Italia
Societa Aerea Mediterranea;Italia
Societa Anonima Aero Expresso Italiana;Italia
Military - Corrieri Aerei Militari;Italy
Military - Israel Air Force;Italy
Military - Israel Air Force /Military -  Israel Air Force;Italy
Military - Italian Air Force;Italy
Fly Jamaica Airways;Jamaica
Jamair;Jamaica
Military - Japan Air Self Defense Force;Japan
Military - Japan Maritime Self Defense Force;Japan
Military - Japanese Air Self-Defence Force;Japan
Aero Asahi;Japon
All Nippon Airways;Japon
All Nippon Airways /  Japanese Air Force;Japon
Fujita Koku Kabushki Kai;Japon
Japan Air / Japan Flying School;Japon
Japan Air Lines;Japon
Japan Air Self-Defence Force;Japon
Japan Aviation Corporation;Japon
Japanese Air Force;Japon
President Airlines;Japon
Titan Airways;Japon
TMK Air Commuter;Japon
Air Jordan;Jordania
Alia Royal Jordanian Airlines;Jordania
Jordan International Airlines;Jordania
Military - Royal Jordanian Air Force;Jordania
ATI Aircompany;Kazajistan
Bearskin Airlines;Kazajistan
Aeroflot / Kazakhstan;Kazajstan
Safe Air Complany;Kazajstan
SCAT Air;Kazajstan
Military - Kazakhstan border guard service;Kazakhstan
Military - Kazakhstan Border Guards;Kazakhstan
Bimini Airways;Kenia
Fly 540;Kenia
Fly SAX;Kenia
Kenya Airways;Kenia
Malindi Air Services;Kenia
Safari Express Cargo;Kenia
Wilson Airways;Kenia
Military - Kenya Air Force;Kenya
Military - Kenyan Air Force;Kenya
Itek Air;Kirguistan
Kirghizia Aba Zaoldoru;Kirguistan
Kuwait Airways;Kuwait
Military - Kuwait Air Force;Kuwait
Air Laos;Laos
Lao Airlines;Laos
Lao Aviation;Laos
Lao Cathay Airlines;Laos
Laos Air;Laos
Laos Air Force;Laos
Military - Lao People's Liberation Army Air Force;Laos
Military - Royal Lao Air Force;Laos
Pathet Lao Airlines;Laos
Royal Air Lao;Laos
Royal Air Laos/PENAS;Laos
Sadai;Laos
Military - Royal Lesotho Defence Force;Lesoto
Lebanese International Airways;Libano
Middle East Airlines;Libano
Middle East Airlines / Military - Turkish Air ForceC-47;Libano
Trans Mediterranean Airways;Libano
Air Liberia;Liberia
Weasua Air Ttansport;Liberia
Aero Club Libya;Libia
Afriqiyah Airways;Libia
Libya Arab Airlines;Libia
Libya Arab Airlines / Military -  Libya Air Force;Libia
Libyan Air Cargo;Libia
Military - Lybian Arab Air Force;Libya
Cargolux;Luxemburgo
Luxair;Luxemburgo
Aviaimpex (Macedonia);Macedonia
Palair Macedonian;Macedonia
Air Madagascar;Madagascar
Military - Ariana Afghan Airlines;Madagascar
Military - Madagascar Air Force;Madagascar
AirAsia;Malasia
Borneo Airways;Malasia
Hornbill Airways;Malasia
Kavatshi Airlines;Malasia
Malaysia Airlines;Malasia
MALERT;Malasia
Malert Airlines;Malasia
MASwings;Malasia
Pan Malaysian Air Transport;Malasia
Sabah Air;Malasia
Shangri La Air;Malasia
Sky Cabs;Malasia
Air Malawi;Malawi
Military - Malaysian Air Force;Malaysia
Malu Aviation;Maldivas
Air Mali;Mali
Air  Mali;Mali
Volare Aviation Enterprise;Malta
Air Atlas;Marruecos
Military - Royal Moroccan Air Force;Marruecos
Royal Air Maroc;Marruecos
Air Martinique;Martinica
Air Mauritanie;Mauritania
Military - Mauritanian Air Force;Mauritania
Military - Mexican Air Force;Mexico
Aereo el Venado;Mexico
Aero Cozumel;Mexico
Aero Ejecutivos;Mexico
Aero Ferinco Charter;Mexico
Aero Transportes;Mexico
Aerocalifornia;Mexico
Aerocaribe;Mexico
Aerolatino (Aerocaribe);Mexico
Aerolineas Cuahonte;Mexico
Aerolineas Nacionales;Mexico
Aerolineas TAO;Mexico
Aeromexico;Mexico
Aeromexico / Private;Mexico
Aeronaves de Mexico;Mexico
Aeroservicios;Mexico
Aeroservicios Empresariales de Durango;Mexico
Aerotransportes Petroleros;Mexico
Aerovias Contreras;Mexico
Aerovias del Norte;Mexico
Aerovias del Valle;Mexico
Aerovias Guest;Mexico
Aerovias Halcon;Mexico
Aerovias Rojas;Mexico
Aerovias Urraca;Mexico
ALFA;Mexico
Avicsa;Mexico
Communicaciones Aereos de veracruz;Mexico
Compania Mexicana de Aviacion;Mexico
Fuerza Aerea Mexicana;Mexico
Interamericana de Aviacion;Mexico
Intercontinental de Aviacion;Mexico
Lineas Areas del Centro;Mexico
Lineas Areas Unidas;Mexico
MAP;Mexico
Metro Cargo;Mexico
Mexicana;Mexico
Procuradoria General de la Republica;Mexico
SEMAF;Mexico
Servicios Aereos Martinez Leon;Mexico
Servicios Aereos Santa Ana;Mexico
Servicios Americanos;Mexico
Syndicato Condor;Mexico
TABA;Mexico
TAESA;Mexico
TAUSA;Mexico
Thai International;Mexico
Transaereo 5074;Mexico
Transporte Aereo Federal;Mexico
Transported Areos Profesionales - TAPSA;Mexico
Transportes Aereos Don Carlos - Charter;Mexico
Transportes Aereos Mexicanos;Mexico
Transportes Aereos Nacionales;Mexico
Transportes Aereos Pegaso;Mexico
Transportes Areos Nacionales;Mexico
Moldovan Aeriantur-M Air Cargo;Moldavia
Sun Way;Moldavia
MIAT - Mongolian Airlines;Mongolia
Mongolian Defense Ministry;Mongolia
Fly Montserrat;Montserrat
Government of Mozambique;Mozambique
Military - Mozambique Air Force;Mozambique
Mozambique Airline;Mozambique
Air Bagan;Myanmar
Military - Burma Air Force;Myanmar
Military - Myanmar Air Force;Myanmar
Myanmar Airways;Myanmar
Agni Air;Nepal
Archana Airlines;Nepal
Buddha Air;Nepal
Kasthamandap Airlines;Nepal
Lumbini Airways;Nepal
Military - Royal Nepalese Air Force;Nepal
Nepal Airlines;Nepal
Royal Nepal Airlines;Nepal
Sita Air;Nepal
Tara Air;Nepal
Yeti Airlines;Nepal
Aeronica;Nicaragua
Lanica;Nicaragua
Military - Nicaraguan Air Force;Nicaragua
Military - Niger Air Force;Niger
ADC Airlines;Nigeria
Aerocontroctors - Charter;Nigeria
Allied Air;Nigeria
Baikal Air;Nigeria
Belgian International Air Services;Nigeria
EAS Airlines (Executive Airline Services);Nigeria
Hevlift;Nigeria
Military - Federal Nigerian Air Force;Nigeria
Military - Nigerian Air Force;Nigeria
Nationair (chartered by Nigeria Airways);Nigeria
Nigeria Airways;Nigeria
Okada Air;Nigeria
Pan African Airlines;Nigeria
Salair;Nigeria
Skypower Express Airways;Nigeria
Sosoliso Airlines;Nigeria
TARS;Nigeria
Military - Government of Macedonia;North Macedonia
Military - Macedonian Air Force;North Macedonia
Braathens;Noruega
CHC Helikopter Service;Noruega
DNL Norwegian Air Lines;Noruega
Fred Olsen Flyveselskap;Noruega
Helikopter Service;Noruega
Military - Royal Norwegian Air Force;Noruega
Norwegian Airlines;Noruega
Partnair;Noruega
Wideroe's Flyveselksap;Noruega
NewCal Aviation;Nueva Caledonia
Air Fiordland;Nueva Zelanda
Air Freight New Zealand;Nueva Zelanda
Air New Zealand;Nueva Zelanda
Airways;Nueva Zelanda
Airwork;Nueva Zelanda
Airwork NZ;Nueva Zelanda
Ansett New Zealand;Nueva Zelanda
Bashkirian Airlines / DHL Worldwide Express;Nueva Zelanda
Charter - Air Adventures New Zealand Ltd;Nueva Zelanda
Inter-Island;Nueva Zelanda
New Zealand National Airways;Nueva Zelanda
Sky Dive New Zealand;Nueva Zelanda
Southern Cross Airways;Nueva Zelanda
Union Airways;Nueva Zelanda
United Airways of New Zealand;Nueva Zelanda
Vincent Aviation;Nueva Zelanda
XL Airways leased from Air New Zealand;Nueva Zelanda
Aero Holland;Paises Bajos
By Air;Paises Bajos
KLM Cityhopper;Paises Bajos
KLM Royal Duch Airlines;Paises Bajos
KLM Royal Dutch Airlines;Paises Bajos
KNILM;Paises Bajos
Martinair Holland NV;Paises Bajos
Military - Royal Netherlands East Indies Air Force;Paises Bajos
Military - Royal Netherlands Naval Air Service;Paises Bajos
NLM (Nederlandse Luchtvaart Maatschappij);Paises Bajos
Military - Pakistan Air Force;Pakistan
Military - Pakistan Army;Pakistan
Airblue;Pakistan
Bellview Airlines;Pakistan
JS Air;Pakistan
Orient Air System and Integrated Services;Pakistan
Orient Airways;Pakistan
Pakair;Pakistan
Pakistan Airways;Pakistan
Pakistan International Airline;Pakistan
Pakistan International Airlines;Pakistan
PAS;Pakistan
Aeronaves de Panama;Panama
Aeroperlas;Panama
Alas Chiricanas;Panama
Cargo Three Panama;Panama
COPA (Panama);Panama
Inair Panama;Panama
Panama Airways;Panama
Air Niugini;Papua Nueva Guinea
Airline PNG;Papua Nueva Guinea
Airlines  PNG;Papua Nueva Guinea
Airlines of PNG;Papua Nueva Guinea
Ansett Airlines of Papua New Guinea;Papua Nueva Guinea
Garamut Aviation;Papua Nueva Guinea
Goroka Air Services;Papua Nueva Guinea
New Guinea Air Traders;Papua Nueva Guinea
Talair;Papua Nueva Guinea
Transniugini Airways;Papua Nueva Guinea
TAM Paraguay;Paraguay
Military - Fuerza Del Peru;Peru
Military - Peruvian Air Force;Peru
Military - Peruvian Air Force - TANS;Peru
Military - Peruvian Army Aviation;Peru
Aero Condor;Peru
Aero Peru;Peru
Aeronaves del Peru;Peru
Aeroperu;Peru
Compania de Aviacion Faucett SA (Peru);Peru
Faucett;Peru
HeliCusco;Peru
LANSA;Peru
Lineas Aereas Nacionales SA (Peru);Peru
Peruvian Naval Aviation;Peru
Rutas Internacionales Peruanes;Peru
TAM (Peru);Peru
TANS Airlines;Peru
TANS Peru;Peru
Transportes Aereos Peruanos;Peru
Military - Philippine Air Force;Philippines
Military - Polish Air Force;Poland
Air Moorea;Polinesia Francesa
Air Tahiti;Polinesia Francesa
LOT;Polonia
Lot Polish Airlines;Polonia
Aerocondor;Portugal
Air Luxor;Portugal
ARTOP Aerotopografica LDA;Portugal
Military - Portuguese Air Force;Portugal
SATA;Portugal
TAP (Air Portugal);Portugal
Prinair;Puerto Rico
Vieques Air Link;Puerto Rico
Air Ferry Ltd;Reino Unido
Aircraft Transport and Travel;Reino Unido
Allied Services Limited;Reino Unido
Atlantic Airlines;Reino Unido
Avient Aviation;Reino Unido
BHS - Brazilian Helicopter Service Air Taxi;Reino Unido
Blue Hawaiian Helicopters;Reino Unido
Boeing Aircraft Company;Reino Unido
Bond Air Services Ltd.;Reino Unido
Bond Offshore Helicopters;Reino Unido
Bristol Aeroplane Co.;Reino Unido
Bristop Aeroplane Company;Reino Unido
Bristow Helicopters;Reino Unido
Britannia Airways;Reino Unido
Britavia;Reino Unido
British Aircraft Corporation;Reino Unido
British Airtours;Reino Unido
British Airways;Reino Unido
British Airways Helicopters;Reino Unido
British American Air Services;Reino Unido
British Commonwealth Pacific Airlines;Reino Unido
British Eagle International Airlines;Reino Unido
British European Airways;Reino Unido
British European Airways / Military - British;Reino Unido
British European Airways / Military - Soviet Air Force;Reino Unido
British International Helicopters;Reino Unido
British Midland Airways;Reino Unido
British Overseas Airways;Reino Unido
British Overseas Airways /Qantas;Reino Unido
British South American Airways;Reino Unido
British United Airways;Reino Unido
British World Airways;Reino Unido
Caledonian Airways;Reino Unido
Channel Airways;Reino Unido
Channel Express;Reino Unido
Classic Wings;Reino Unido
Flightline;Reino Unido
Handley Page Transport;Reino Unido
Hargreaves Airways;Reino Unido
Hillman's Airways;Reino Unido
Hunting Air Travel;Reino Unido
Imperial Airways;Reino Unido
Independent Air Travel;Reino Unido
Invicta International Airlines (UK);Reino Unido
Jersey Airways;Reino Unido
Knight Air;Reino Unido
Lancashire Aircraft Corporation (Skyways);Reino Unido
Loganair;Reino Unido
Manx2;Reino Unido
Meteor Air;Reino Unido
Military - Royal Air Force;Reino Unido
Military - Royal Airship Works;Reino Unido
Military - Royal British Navy;Reino Unido
Military -Royal Air Force;Reino Unido
MK Airlines;Reino Unido
North Sea Aerial and General Transport;Reino Unido
Northern Executive Aviation;Reino Unido
Phoenix Aviation;Reino Unido
Plane Sailing;Reino Unido
Railway Air Service Ltd.;Reino Unido
Railway Air Services Ltd.;Reino Unido
Safe Air Cargo;Reino Unido
Scottish Airlines;Reino Unido
Silver City Airways;Reino Unido
Skyvan Airways;Reino Unido
Skyways of London;Reino Unido
SL Aviation Services;Reino Unido
Speed Service Couriers;Reino Unido
Tiramavia;Reino Unido
Trafik-Turist-Transportflyg;Reino Unido
Transair;Reino Unido
True Aviation Ltd.;Reino Unido
Wings Ltd;Reino Unido
CSA Czech Airlines;Republica Checa
Czech Airlines;Republica Checa
Africa One Congo;Republica del Congo
Air Congo;Republica del Congo
Air Congo (BIAS)?;Republica del Congo
Lina Congo;Republica del Congo
Tracep;Republica del Congo
Air Force of the Democratic Republic of the Congo;Republica Democratica del Congo
Air Kasai;Republica Democratica del Congo
Busy Bee Congo;Republica Democratica del Congo
Compagnie Africaine d' Aviation (CAA);Republica Democratica del Congo
Filair;Republica Democratica del Congo
Hewa Bora Airways;Republica Democratica del Congo
Kisangani Airlift;Republica Democratica del Congo
Sankuru Air Service;Republica Democratica del Congo
Scibe Airlift Cargo Zaire;Republica Democratica del Congo
Wimbi Dira Airways;Republica Democratica del Congo
Aero Tropical;Republica Dominicana
Alas Nacionales, leased from Birgen Air;Republica Dominicana
Compania Dominicana de Aviacion;Republica Dominicana
Lineas Aereas del Caribe;Republica Dominicana
Savanair;Republica Dominicana
Transportes Aereos del Caribe;Republica Dominicana
Air Rhodesia;Rhodesia
Rhodesian Air Services;Rodesia
RAM;Royal Air Maroc
Rwanda Government;Ruanda
Rwandair;Ruanda
Military - Romainian Air Force;Rumania
Romanian Banat Air;Rumania
Scoala Superioara de Aviatie Civla;Rumania
TAROM;Rumania
TAROM (Transporturile Aeriene Romane);Rumania
Transporturile Aeriene Romano-Sovietice;Rumania
Abakan Airlines;Rusia
Aerflot;Rusia
Aeroflot;Rusia
Aeroflot / Aeroflot;Rusia
Aeroflot / Military - Russian Air Force;Rusia
Aeroflot / Soviet Air Force;Rusia
Aeroflot /Military - Russian;Rusia
Aeroflot Russian International Airlines;Rusia
Aeroflot Russian International Airways;Rusia
Air Sirin;Rusia
AKF Polet;Rusia
Angara Airlines;Rusia
Aray-Avia;Rusia
Arsenyev Aviation Production Association;Rusia
Atran;Rusia
Azov Avia Airlines;Rusia
Bankair;Rusia
IrAvia;Rusia
Kalinin;Rusia
Kamchatavia;Rusia
Kamchatka Airlines;Rusia
Kamchatka Aviation Enterprise;Rusia
Katekavia Airline;Rusia
Khalatyrka;Rusia
Kogalmavia;Rusia
Komi Avia;Rusia
Kranoyarskie Vozhjushnye Trassy;Rusia
Krasnoyarsk Airlines;Rusia
Krasnoyarskie Avialinii;Rusia
Kuban Airlines;Rusia
Magistralnye Avialinii;Rusia
Military - Russian;Rusia
Military - Russian Air Force;Rusia
Military - Russian Air Force / Military - Russian Air Force;Rusia
Military - Russian Air Force/Uzbekistan Airways;Rusia
Military - Russian Army;Rusia
Military - Russian Navy;Rusia
Military - Russian, cargo;Rusia
Ministerstvo Obshchestvo Mashinostroyeniya;Rusia
Moskovia Airlines;Rusia
Norilsk Flight Company;Rusia
Northern Wings;Rusia
Permaviatrans;Rusia
Petropavlovsk-Kamchatsky Air Enteprise;Rusia
Polyarnya Aviatsiya;Rusia
Private - Kabanov - skydiving;Rusia
Pulkovo Airlines;Rusia
Pulkovo Aviation Enterprise;Rusia
Red Wings Airlines;Rusia
RusAir Airlines;Rusia
Russ Air Transport Company;Rusia
Russian Air Force;Rusia
Russian Ministry of Interior;Rusia
Sakha Airlines;Rusia
Saratov Airlines;Rusia
Sibir (S7);Rusia
Sibir Airlines;Rusia
Staer Air;Rusia
Stavropol Airlines;Rusia
Sukhoi;Rusia
Syktyvkar Avia;Rusia
Tararstan Airlilnes;Rusia
Tartarstan Airlines;Rusia
Transpolar;Rusia
TsAGI;Rusia
Two Taxi Aero;Rusia
Tyumen Aviatrans;Rusia
Uralex;Rusia
UTAir;Rusia
UTAir Airlines;Rusia
Vertical-T Air;Rusia
Vladivostokavia;Rusia
Vnokovo Airlines;Rusia
Vnukovo Airlines;Rusia
Volga Air;Rusia
Volga-Avia Express;Rusia
Volga-Dnepr Airlines;Rusia
Vologodskiye Airlines;Rusia
Vostok Aviakompania;Rusia
YAK Service;Rusia
Yakutavia;Rusia
Zakavia;Rusia
Polynesian Airlines;Samoa
Mustique Airways;San Vicente y las Granadinas
Air Senegal;Senegal
Air Senegal / Gambia Airways;Senegal
Senegalair;Senegal
Aeroput;Serbia
TAR;Serbia
SilkAir;Singapur
Singapore Airlines;Singapur
Straits Air Freight Express;Singapur
Syrian Air;Siria
Syrian Air Force;Siria
Syrian Airways;Siria
Syrian Arab Airlines;Siria
Somali Airlines;Somalia
Military - Republic of South Korea Air Force;South Korea
Air Lanka;Sri Lanka
Military - Sri Lanka Air Force;Sri Lanka
Military - Sri Lankan Air Force;Sri Lanka
Advance Airlines;Sudafrica
AE Aviation;Sudafrica
African Air;Sudafrica
African Commuter Services;Sudafrica
Airlink;Sudafrica
Comair;Sudafrica
Federal Airlines;Sudafrica
Majestic Air Cargo;Sudafrica
Majuba Aviation;Sudafrica
Mango Airlines;Sudafrica
Military - South African Air Force;Sudafrica
National Airways;Sudafrica
Pan African Air Charter;Sudafrica
Rovos Air;Sudafrica
SA Airlink;Sudafrica
South African Airways;Sudafrica
South African Airways, leased from British Overseas Airways;Sudafrica
Spair Air Transport;Sudafrica
Star Aviation;Sudafrica
Starways;Sudafrica
Taxader Airlines;Sudafrica
Tranair;Sudafrica
Marsland Aviation;Sudan
Military - Sudan Air Force;Sudan
Military - Sudanese Air Force;Sudan
Sasco Air Lines;Sudan
Sudan Airways;Sudan
Sudanese Air Force;Sudan
Sudania Air Cargo;Sudan
Juba Air Cargo;Sudan del Sur
South Sudan Supreme Airlines;Sudan del Sur
A B Aerotransport;Suecia
AB Aerotransport;Suecia
Linjeflyg;Suecia
Skyline Sweden;Suecia
Skyways;Suecia
Svenska Aero;Suecia
Swedish Air Force;Suecia
TRACEP Congo Aviation;Suecia
Transair Sweden;Suecia
West Air Sweden;Suecia
Bako Air;Suiza
Crossair;Suiza
Ju Air;Suiza
Leadair - Charter;Suiza
Swissair;Suiza
Blue Bird Aviation;Surinam
Gum Air Charter;Surinam
SAMSA;Surinam
Surinam Airways;Surinam
Bali International Air Service;Tailandia
Balkan Bulgarian Airlines;Tailandia
Military - Royal Thai Air Force;Tailandia
Military - Thai Army;Tailandia
One-Two-Go Airlines;Tailandia
PMT Air;Tailandia
Siamese Airways;Tailandia
Sky Train Air;Tailandia
Texas International Airlines;Tailandia
Thai Airways;Tailandia
Military - Republic of China Air Force;Taiwan
China Airlines;Taiwan
China Airlines (Taiwan);Taiwan
Far Eastern Air Transport;Taiwan
Formosa Airlines;Taiwan
Kenting Air;Taiwan
Taiwan Airlines;Taiwan
Taiwan Aviation;Taiwan
Transasia;Taiwan
Transasia Airways;Taiwan
Uni Air;Taiwan
Air Karibu;Tanzania
Karibu Airways;Tanzania
TAN;Tanzania
Tanzania Aviation;Tanzania
Military - Tajik National Guard;Tayikistan
Tajikistan Airlines;Tayikistan
Caribbean Airlines;Trinidad y Tobago
Tuninter;Tunez
Akhal Air;Turkmenistan
Atlasjet Airlines;Turquia
Military - Turkish Air Force;Turquia
Military - Turkish Army (NATO);Turquia
My Cargo Airlines (ACT Airlines);Turquia
Pegasus Airlines;Turquia
TASSA;Turquia
Turkish Airlines;Turquia
Turkish Airlines (THY);Turquia
Aeromist-Kharkiv;Ucrania
Khors Aircompany;Ucrania
Kiev Production Association;Ucrania
Military - Ukraine Air Force;Ucrania
Naftogaz;Ucrania
South Airlines;Ucrania
Ukraine Air Alliance;Ucrania
Ukraine Aviation Transport Company;Ucrania
Ukraine International Airlines;Ucrania
Ukrainian Cargo Airlines -  Congolese Army Charter;Ucrania
Ukranian-Mediterranean Airlines;Ucrania
Uganda Airlines;Uganda
CCCP;Union Sovietica
Mililtary - Soviet Air Force;Union Sovietica
Military - Soviet Air Force;Union Sovietica
Military - Soviet Navy;Union Sovietica
Ukvozduchput;Union Sovietica
Military - British Air Ministry;United Kingdom
Military - Florida Army National Guard;United States
Uruguayan Air Force;Uruguaya
Uruguayan Air Force - TAMU;Uruguaya
Tashkent Aircraft Production Corporation;Uzbekistan
Uzbekistan Airways;Uzbekistan
Uzu Air;Uzbekistan
Air Melanesie;Vanuatu
Aerovias Venezolanas SA (Venezuela);Venezuela
Alfa Airlines;Venezuela
Avensa;Venezuela
AVISPA;Venezuela
Conviasa;Venezuela
Guardia Nacional de Venezuela;Venezuela
LAV - Linea Aeropostal Venezolana;Venezuela
Linea Aeropostal Venezolana;Venezuela
Linea Expresa Bolivar;Venezuela
Lineas Areas Venezolanas;Venezuela
Military - Venezuelan Air Force;Venezuela
Military - Venezuelan Army;Venezuela
Military - Venezuelan National Guard;Venezuela
Military - Venezuelan Navy;Venezuela
Rutaca Airlines;Venezuela
Santa Barbara Airlines;Venezuela
Servivensa;Venezuela
Transaven;Venezuela
Venezolana;Venezuela
Venezolana Internacional de Aviacion;Venezuela
Hang Khong (Vietnam);Vietnam
Military - Vietnam People's Army Air Force;Vietnam
Military - Vietnamese Air Force;Vietnam
SFC Vietnam - Charter - Full Account;Vietnam
Vietnam Airlines;Vietnam
Air Vietnam (South Vietnam);Vietnam del Sur
Aden Airways;Yemen
Alyemda;Yemen
Alyemda Airlines;Yemen
Military - Unified Yemen Air Force;Yemen
Military - Yemen Air Force;Yemen
Military - Yemeni Arm;Yemen
Socotra;Yemen
Yemen Airlines;Yemen
Yemenia Airway;Yemen
Djibouti Airlines;Yibuti
Aviogenex (Yugoslavia);Yugoslavia
Inex Adria Aviopromet;Yugoslavia
Inex Adria Aviopromet (Yugoslavia);Yugoslavia
Inex Adria Aviopromet / British Airways;Yugoslavia
JAT Yugoslav Airlines;Yugoslavia
Military - Zairean Air Force;Zaire
Military - Zambia Air Force;Zambia
Military - Zambian Air Force;Zambia
Wenela Air Services;Zambia
Military - Zimbabwe Air Force;Zimbabue
