Lugar_Despegue;Pais
Jolo;Abjasia
Vitória da Conquista;Actividad
Bagram;Afganistán
Bagram AB;Afganistán
Bamiyan;Afganistán
Faisabad;Afganistán
Herat;Afganistán
Jalalabad;Afganistán
Kaboul;Afganistán
Kabul;Afganistán
Kabul, Afghanistan;Afganistán
Kahului, Maui;Afganistán
Khost;Afganistán
Khost to Kabul;Afganistán
Kunduz;Afganistán
Milwaukee;Afganistán
Phalaborwa;Afganistán
Qacha?s;Afganistán
Santiago de Cuba;Afganistán
Uruzgan;Afganistán
Beijing;Alemania
Bogota via Neiva;Alemania
Bremen;Alemania
Bremerhaven;Alemania
Burbank;Alemania
Cadiz;Alemania
Charleville;Alemania
Coihaique;Alemania
Colfax;Alemania
Dearborn;Alemania
Dhahran;Alemania
Düsseldorf;Alemania
El Paso, TX;Alemania
Exercises;Alemania
Giessen;Alemania
Hamburg;Alemania
Kaliningrad;Alemania
Lawton, OK;Alemania
Lodz;Alemania
Munich;Alemania
New Orleans;Alemania
Nuremberg;Alemania
Nurnberg;Alemania
Old Orchad Beach;Alemania
Oslo, Norway;Alemania
Prague Leipzig Essen Amsterdam Rotterdam;Alemania
Pueblo;Alemania
Ramstein;Alemania
Ramstein AB;Alemania
St. Paul;Alemania
Stuttgart;Alemania
Townsville;Alemania
Dundo;Angola
Guntersville;Angola
Huambo;Angola
Jamba;Angola
Jamba Airport;Angola
Luanda;Angola
Lubango;Angola
Ondjiva;Angola
Perth Adelaide Melbourne e;Angola
Saurimo;Angola
Antigua;Antigua y Barbuda
Saint John's;Antigua y Barbuda
Jeddah;Arabia Saudita
Madinah;Arabia Saudita
Nejran;Arabia Saudita
Rio Hacha;Arabia Saudita
Riyadh;Arabia Saudita
Alger;Argelia
Algier;Argelia
Amsterdam;Argelia
Bouceif;Argelia
Boufarik AB;Argelia
El Oued;Argelia
Ouargla;Argelia
Tamanarasset;Argelia
Tamanrasset;Argelia
Tampico;Argelia
Argentina;Argentina
Balmaceda, Argentina;Argentina
Batagay;Argentina
Belize City, Belize;Argentina
Buenos Aires;Argentina
Comodoro Rivadavia;Argentina
Cordova;Argentina
Corrientes;Argentina
Hohn;Argentina
Kasonga;Argentina
Mar del Plata;Argentina
Mendoza;Argentina
Mendoza, Argentina;Argentina
Minola;Argentina
Neuquen;Argentina
Posadas;Argentina
Rio Gallegos;Argentina
Rosario;Argentina
Salta;Argentina
Santiago, Chili;Argentina
Timmins;Argentina
Tucumán;Argentina
Ushuaia;Argentina
Bogota;Armenia
Yerevan, Armenia;Armenia
Asunción – Montevideo;Asunción
Australia;Australia
Bamaga;Australia
Bathrust,;Australia
Beni;Australia
Broome;Australia
Cairns or Mareeba, Australia;Australia
Cooktown;Australia
Darwin;Australia
Elizabethville;Australia
Fukuoka;Australia
Geraldton;Australia
Griffith;Australia
Hobart;Australia
Hobart Melbourne;Australia
Hong Kong;Australia
Horn Island;Australia
Kingston, Jamacia;Australia
Mackay;Australia
Manila, Philippines;Australia
Melbourne;Australia
Melbournen;Australia
Mount Isa;Australia
Perpignan;Australia
Perth;Australia
Rockhampton;Australia
San Bernardion;Australia
Sydney;Australia
Toul;Australia
Weipa;Australia
Campeche;Austria
Rotterdam;Austria
Vienna;Austria
Wien;Austria
Agdam;Azerbaiyán
Baku;Azerbaiyán
Baku, Azerbaijan;Azerbaiyán
Nakhichevan;Azerbaiyán
Yevlakh;Azerbaiyán
Nassau;Bahamas
Cox's Bazar;Bangladés
Dhaka;Bangladés
Chittagong;Bangladesh
Wamena;Bangladesh
Sharjah;Barbados
Bahraïn;Baréin
Bandar Abbas;Bélgica
Belgium;Bélgica
Brussels;Bélgica
Canton;Bélgica
Nulato, AK;Bélgica
Hilo;Belice
Kinshasa;Belice
Benin;Benín
Cotonou;Benín
Hamilton;Bermudas
Gomel;Bielorrusia
Minsk;Bielorrusia
Tachilek;Birmania
Cochabamba;Bolivia
Fortin Campero;Bolivia
Khabarovk;Bolivia
La Paz;Bolivia
Murcia;Bolivia
Riberalta;Bolivia
Rostov;Bolivia
San Borja;Bolivia
San José de Chiquitos;Bolivia
Santa Cruz;Bolivia
Santa Cruz, Bolivia;Bolivia
Tipuani;Bolivia
Trinidad, Bolivia;Bolivia
Villamontes;Bolivia
Yacuiba;Bolivia
Bosnia;Bosnia y Herzegovina
Tuzla;Bosnia y Herzegovina
Bishop;Botsuana
Abu Dhabi;Brasil
Bage;Brasil
Bahia;Brasil
Bangu i;Brasil
Bauru;Brasil
Belem;Brasil
Belo Horizonte;Brasil
Blackbushe;Brasil
Brasilla;Brasil
Bucaramanga;Brasil
Burbank,;Brasil
Camp Grande;Brasil
Campo Grande;Brasil
Campos;Brasil
Campos, Brazil;Brasil
Coari;Brasil
Cubatao;Brasil
Cuiaba;Brasil
Curitiba;Brasil
Espírita Santo;Brasil
Florianopolis;Brasil
Governador Valadares;Brasil
Guangzhou;Brasil
Guarulhos;Brasil
Helgoland;Brasil
Itaituba;Brasil
Jaguarão;Brasil
Kardjali;Brasil
Karshi;Brasil
Kavallo;Brasil
Macaé;Brasil
Manaus;Brasil
Mato Grosso;Brasil
Maturín;Brasil
Mukalla;Brasil
Munchen;Brasil
Natal;Brasil
Natal, Brazil;Brasil
Observation flight out of Cape Schmidt;Brasil
Oiapoque;Brasil
Paraiba;Brasil
Petrolina;Brasil
Porto Alegre;Brasil
Recife;Brasil
Reclife;Brasil
Ribeirao Preto;Brasil
Rio;Brasil
Rio Branc;Brasil
Rio de Janeiro;Brasil
Rio de Janerio;Brasil
Rochester;Brasil
Salvador;Brasil
Santiago de Cuba;Brasil
Sao Gabriel de Cachoeria;Brasil
Sao Jose dos Campo;Brasil
Sao Jose dos Campos;Brasil
Sao Paulo;Brasil
Sidney;Brasil
Southampton;Brasil
Sukhumi;Brasil
Tefe;Brasil
Ulan Bator;Brasil
Villahermosa;Brasil
White Plains, NY;Brasil
Bandar Seri Begawan;Brunéi
Bourgas, Bulgaria;Bulgaria
El Salvador;Bulgaria
Elemndorf AFB;Bulgaria
Hamburg, Germany;Bulgaria
Napoli;Bulgaria
Sondre Stomfjord;Bulgaria
Trivandrum;Bulgaria
Varna, Bulgaria;Bulgaria
Burkina Faso;Burkina Faso
Ouagadougou;Burkina Faso
Ouagadougou, Burkina Faso;Burkina Faso
Bujumbura, Burundi;Burundi
Sao Nicolau;Cabo Verde
Sao Vicente;Cabo Verde
Siem Reap;Camboya
Svay Rieng;Camboya
Thompson;Camboya
Umiat, AK;Camboya
Douala;Camerún
Yaounde;Camerún
Yaoundé;Camerún
Aldergrove AB;Canadá
Belfast;Canadá
Belgrad;Canadá
Bronson Creek;Canadá
Broughton Island;Canadá
Campbell River;Canadá
Comox, BC;Canadá
Edmonton;Canadá
Fort;Canadá
Frobisher Bay, Baffin Island;Canadá
Gander;Canadá
Gao, FWA;Canadá
Gaspé;Canadá
Goose Bay;Canadá
Great Whale River – Val;Canadá
Halifax;Canadá
Hamilton, Ont, Can.;Canadá
Inuvik;Canadá
Iqaluit;Canadá
Jersey;Canadá
Khmelnitsky;Canadá
Knob Lake;Canadá
Kuglluktuk;Canadá
Lajes;Canadá
Lethbridge;Canadá
Lourdes de Blanc Sablon;Canadá
Lyall Harbour;Canadá
Maracaibo;Canadá
Moncton;Canadá
Montreal;Canadá
Montreal, Canada;Canadá
Moosonee;Canadá
Muncho Lake;Canadá
Ottawa;Canadá
Pemba;Canadá
Phnom Penh;Canadá
Pickle Lake;Canadá
Points North Landing, SK;Canadá
Port Hardy;Canadá
Prague;Canadá
Prince George;Canadá
Prince Rupert;Canadá
Quebec;Canadá
Red Lake;Canadá
San Vicente del Caguan;Canadá
Santos;Canadá
Seattle;Canadá
Seven Islands;Canadá
Shepard Bay;Canadá
St. Anthony;Canadá
Tachkent;Canadá
Thor Lake;Canadá
Tokyo;Canadá
Toronto;Canadá
Triumph Bay;Canadá
Tuktoyaktuk;Canadá
Windsor;Canadá
Winisk;Canadá
Winnigeg;Canadá
Yellowknife;Canadá
Fort Lamy;Chad
Fort Lamy, Chad;Chad
Lac Lérè;Chad
N'djamena;Chad
N'Djamena, Chad;Chad
Amritsar;Chile
Arica;Chile
Palmar Sur;Chile
Punta Arenas;Chile
Rome, Italy;Chile
S Santiago de Chile;Chile
Santiago;Chile
Santiago, Chile;Chile
Southhampton, England;Chile
Temuco;Chile
Albuquerque, NM;China
Baotou;China
Beijing;China
Bejing, China;China
Burlington, VT;China
Chengdu;China
Chongqing;China
Chungking;China
Chunking;China
Dalian;China
Enshi;China
Guanabara;China
Guangzhou, China;China
Guilin;China
Hankou;China
Harbin;China
Hong Kong;China
Kunming;China
Lanzhou;China
Loja;China
Macau;China
Nanking;China
Peking;China
Pune;China
Qingdao;China
Recife;China
San Jose del Guaviare;China
Seattle, WA;China
Shanghai;China
Shanghai, China;China
Shanghi, China;China
Shensi;China
Shenzen;China
Taiyuan;China
Tihua;China
Xian;China
Yinchuan;China
Zhijiang;China
Kotzebue;Chipre
Larnaca, Cyprus;Chipre
Aracacuara;Colombia
Arauca;Colombia
Bahia Solano;Colombia
Bamako, Mali;Colombia
Bogata;Colombia
Bogota;Colombia
Bogotá;Colombia
Bogota, Colombia;Colombia
Bolivar;Colombia
Bovingdon AF;Colombia
Bucaramanga;Colombia
Buenaventura;Colombia
Chichen Itza;Colombia
Clark;Colombia
Cologne;Colombia
Condoto;Colombia
Cruzerio do Sul;Colombia
Cucuta;Colombia
Da Lat;Colombia
Detroit, MI;Colombia
Dodoma;Colombia
Fort Lauderdale;Colombia
Haliive, HI;Colombia
Istanbul;Colombia
Komsomol'sk;Colombia
Los Angeles;Colombia
Lympne, England;Colombia
Manizales;Colombia
Medellin;Colombia
Medellin, Colombia;Colombia
Mitu;Colombia
Neiva;Colombia
Old Providence;Colombia
Palanquero;Colombia
Palanquero AB;Colombia
Pereira;Colombia
Porto Velho;Colombia
Puerto Carreno;Colombia
San Andres;Colombia
San Andres Island;Colombia
Santa Rose;Colombia
Sogamoso;Colombia
Tapacula;Colombia
Terre Haute;Colombia
Tres Esquinas;Colombia
Villavicencio;Colombia
Villlavicencio;Colombia
Moroni Hahaya;Comoras
Tucurui;Comoras
Pyongyang;Corea del Norte
Ft. Lauderdale;Corea del Sur
Jinhae;Corea del Sur
Kangnung;Corea del Sur
Kimpo AB;Corea del Sur
Seoul;Corea del Sur
Abidjan, Ivory Coast;Costa de Marfil
Lajes, Azores;Costa de Marfil
Nicoya;Costa Rica
Praha;Costa Rica
Puerto Montt;Costa Rica
Punta Islita;Costa Rica
San Carlos;Costa Rica
Sandpit;Costa Rica
Donetsk;Croacia
Rejeka;Croacia
Zagreb;Croacia
Algiers;Cuba
Cienfuegos;Cuba
Havana;Cuba
Havana, Cuba;Cuba
Kansas City, MO;Cuba
Moa;Cuba
Tel;Cuba
Curacao;Curazao
Copenhagen;Dinamarca
Copenhagen, Denmark;Dinamarca
Kobenhavn;Dinamarca
Namsos;Dinamarca
Timmins, Ontario;Dinamarca
Bella Vista;Ecuador
Coca;Ecuador
Dallas/Fort Worth, TX;Ecuador
Galveston, TX;Ecuador
Guayaquil;Ecuador
Manta;Ecuador
Movie set;Ecuador
Puerto Escondido;Ecuador
Quito;Ecuador
Rostov, Russia;Ecuador
Abidjan;Egipto
Cairo;Egipto
Cairo, Egypt;Egipto
Egypt;Egipto
Hanover;Egipto
Mendosa;Egipto
Mongasat;Egipto
Sharem el Sheikh;Egipto
Sharm el Sheikh, Egypt;Egipto
San Salvador;El Salvador
San Salvador, El Salvador;El Salvador
Blantyre;Emiratos Árabes Unidos
Dubai;Emiratos Árabes Unidos
Dubai, UAE;Emiratos Árabes Unidos
Kenneth Ingalls Sawyer;Emiratos Árabes Unidos
San Jose;Emiratos Árabes Unidos
Sharjar;Emiratos Árabes Unidos
Sharjar, UAE;Emiratos Árabes Unidos
Asrmara;Eritrea
Urpay;Eritrea
Edinburgh;Escocia
Glasgow;Escocia
Renfrew;Escocia
Bratislava;Eslovaquia
Amarillo, TX;Eslovenia
Castries;Eslovenia
Agartala;España
Albacete;España
Barcelona, Spain;España
Brisbane;España
Buenos Aires;España
Camiri;España
Katherine;España
Leon;España
Madrid;España
Malaga;España
Marseille, France;España
Melilla;España
Mérida;España
Palma de Mallorca;España
Sacramento;España
Santiago de Compostella;España
Sevilla;España
Tenerife;España
Tiflis;España
Valence;España
Vigo;España
Zaragoza;España
Abadan;Estados Unidos
Abilene, TX;Estados Unidos
Addis Ababa, Ethiopia;Estados Unidos
Adelaide;Estados Unidos
Adler;Estados Unidos
Agadir;Estados Unidos
Aguascalientes;Estados Unidos
Ahwaz;Estados Unidos
Airshow;Estados Unidos
Akron, OH;Estados Unidos
Albany;Estados Unidos
Albany, NY;Estados Unidos
Alberquerque;Estados Unidos
Ambler, AK;Estados Unidos
Ambon;Estados Unidos
Amsterdam, Netherlands;Estados Unidos
Anchorage;Estados Unidos
Appleton, WI;Estados Unidos
Aqua Caliente, Mexico;Estados Unidos
Ashville;Estados Unidos
Athens;Estados Unidos
Atlanta;Estados Unidos
Atlanta, GA;Estados Unidos
Atlantic City;Estados Unidos
Atlantic City, NJ;Estados Unidos
Auckland;Estados Unidos
Aurora, IL;Estados Unidos
Baltimore;Estados Unidos
Baltimore, Maryland;Estados Unidos
Bangor, ME;Estados Unidos
Barcelona;Estados Unidos
Barksdale;Estados Unidos
Barrow;Estados Unidos
Batesville;Estados Unidos
Battambang;Estados Unidos
Battle Creek;Estados Unidos
Beirut, Lebanon;Estados Unidos
Berlevag;Estados Unidos
Berlin;Estados Unidos
Bethel;Estados Unidos
Big Springs;Estados Unidos
Binghamton, NY;Estados Unidos
Bloemfontein;Estados Unidos
Boca Raton;Estados Unidos
Boise;Estados Unidos
Boston;Estados Unidos
Brazzaville;Estados Unidos
Bridgeport, CT;Estados Unidos
Bristol, TN;Estados Unidos
Broomfield, CO;Estados Unidos
Bruning, NB;Estados Unidos
Brunswick, GA;Estados Unidos
Brussels, Belgium;Estados Unidos
Bucharest;Estados Unidos
Buena Vista;Estados Unidos
Buffalo;Estados Unidos
Bullen Point;Estados Unidos
Burbank, CA;Estados Unidos
Burgas;Estados Unidos
Burlilngton, VT;Estados Unidos
Burlington, IA;Estados Unidos
Campbell Lake;Estados Unidos
Caranavi;Estados Unidos
Carazinbo;Estados Unidos
Caribou Lake, AK;Estados Unidos
Carswell;Estados Unidos
Casper;Estados Unidos
Catalina Island;Estados Unidos
Chamblee, GA;Estados Unidos
Changi, Singapore;Estados Unidos
Chapecó;Estados Unidos
Charleston;Estados Unidos
Charleston, SC;Estados Unidos
Charlotte Amalie;Estados Unidos
Charlotte, NC;Estados Unidos
Charlston;Estados Unidos
Chelan;Estados Unidos
Cherry Point, NC;Estados Unidos
Cheyenne, WY;Estados Unidos
Chicago, IL;Estados Unidos
Chico, CA;Estados Unidos
Chino,CA;Estados Unidos
Cincinnati;Estados Unidos
Cincinnati, OH;Estados Unidos
Clarksburg;Estados Unidos
Cleveland;Estados Unidos
Cold Bay, AK;Estados Unidos
Cold Bay, Alaska;Estados Unidos
Cologne;Estados Unidos
Colombia, SC;Estados Unidos
Colombus;Estados Unidos
Columbia, SC;Estados Unidos
Columbus;Estados Unidos
Columbus, OH;Estados Unidos
Concord, CA;Estados Unidos
Concord, NC;Estados Unidos
Costermansville;Estados Unidos
Covington, KY;Estados Unidos
Cruzeiro do Sul;Estados Unidos
Cuito;Estados Unidos
Dallas;Estados Unidos
Dallas, TX;Estados Unidos
Dar es;Estados Unidos
Dayton, OH;Estados Unidos
Dayton, Ohio;Estados Unidos
Deauville, France;Estados Unidos
Decatur;Estados Unidos
Denver;Estados Unidos
Denver, CO;Estados Unidos
Dillingham;Estados Unidos
Dover;Estados Unidos
Dryden;Estados Unidos
Dubois, PA;Estados Unidos
Dulac, LA;Estados Unidos
El Paso;Estados Unidos
El Toro;Estados Unidos
El Toro MAS;Estados Unidos
Elmendorf AFB;Estados Unidos
Elmindorf AFB, Anchorage;Estados Unidos
Elmira;Estados Unidos
Emmonak;Estados Unidos
Essen;Estados Unidos
Eugene;Estados Unidos
Evansville;Estados Unidos
Fairbanks;Estados Unidos
Fairfield, N.J.;Estados Unidos
Farmingdale;Estados Unidos
Fernando de Noronha;Estados Unidos
Fire Island, AK;Estados Unidos
Flint, MI;Estados Unidos
Fort Campbell;Estados Unidos
Fort Ord;Estados Unidos
Fort Walton Beach, Fl;Estados Unidos
Fort Wayne, IN;Estados Unidos
Fort Worth;Estados Unidos
Francistown;Estados Unidos
Frankfurt;Estados Unidos
Ft. Lauderdale, FL;Estados Unidos
Gainsville;Estados Unidos
Gallup, NM;Estados Unidos
Godman AFB;Estados Unidos
Grand Canyon;Estados Unidos
Grand Canyon NP;Estados Unidos
Greensboro;Estados Unidos
Greenville;Estados Unidos
Griffin;Estados Unidos
Groton, CT;Estados Unidos
Guatemala City;Estados Unidos
Guwahati;Estados Unidos
Hachijo;Estados Unidos
Halifax, NS;Estados Unidos
Hallo Bay, AK;Estados Unidos
Hammond;Estados Unidos
Harrisburg;Estados Unidos
Havana;Estados Unidos
Helena;Estados Unidos
Hickam AFB;Estados Unidos
Hinckley, IL;Estados Unidos
Holtville;Estados Unidos
Honolulu;Estados Unidos
Houston;Estados Unidos
Howard AFB;Estados Unidos
Huntsville;Estados Unidos
Hyannis;Estados Unidos
Iliamna;Estados Unidos
Indianapolis;Estados Unidos
Instructional Flight;Estados Unidos
Ithaca, NY;Estados Unidos
Izmir;Estados Unidos
Jackson Hole, WY;Estados Unidos
Jacksonville NAS;Estados Unidos
Jacksonville, FL;Estados Unidos
Jamaica, NY;Estados Unidos
Janeiro;Estados Unidos
Joplin;Estados Unidos
Juneau;Estados Unidos
Kahului;Estados Unidos
Kalaupapa;Estados Unidos
Kandahar;Estados Unidos
Kansas City;Estados Unidos
Katmandou;Estados Unidos
Kelly AFB;Estados Unidos
Kenai;Estados Unidos
Kenai, AK;Estados Unidos
Ketchikan, AK;Estados Unidos
Key West Harbor;Estados Unidos
King Salmon;Estados Unidos
Kingston, NC;Estados Unidos
Kirtland AFB;Estados Unidos
Klamath Falls;Estados Unidos
Kodiak;Estados Unidos
La Grande;Estados Unidos
Ladd AFB;Estados Unidos
Lago Agrio;Estados Unidos
Lakehurst, NJ;Estados Unidos
Lakehurst, NY;Estados Unidos
Laredo;Estados Unidos
Las Vegas;Estados Unidos
Las Vegas, NV;Estados Unidos
Leeville, LA;Estados Unidos
Legaspi;Estados Unidos
Leningrad;Estados Unidos
Lexington;Estados Unidos
Lihue, HI;Estados Unidos
Lisbon;Estados Unidos
Little Rock;Estados Unidos
Little Rock, AR;Estados Unidos
Ljubjana;Estados Unidos
Ljubljana;Estados Unidos
Local sightseeing;Estados Unidos
Loma Linda;Estados Unidos
Long Beach;Estados Unidos
Loring AFB;Estados Unidos
Los Angeles;Estados Unidos
Los Angeles, CA;Estados Unidos
Louisville;Estados Unidos
Lowery AFB;Estados Unidos
Macon;Estados Unidos
Maintenance flight;Estados Unidos
Manchester, NH;Estados Unidos
Marion, IL;Estados Unidos
Marseille;Estados Unidos
Martha's Vineyard;Estados Unidos
Mason City;Estados Unidos
Maxton;Estados Unidos
McChord;Estados Unidos
McGrath;Estados Unidos
McGrath AK;Estados Unidos
McGuire AFB;Estados Unidos
Medellin;Estados Unidos
Medford, NJ;Estados Unidos
Memphis;Estados Unidos
Mexico;Estados Unidos
Miami;Estados Unidos
Miami, Florida;Estados Unidos
Midland, TX;Estados Unidos
Millington;Estados Unidos
Milwaukee, WI;Estados Unidos
Minneapolis;Estados Unidos
Minneapolis/St. Paul;Estados Unidos
Miramar NAS, California;Estados Unidos
Misawa;Estados Unidos
Mobile, AL;Estados Unidos
Monterey;Estados Unidos
Montluçon;Estados Unidos
Montrose, CO;Estados Unidos
Moroni;Estados Unidos
Moscou;Estados Unidos
Mosses Lake, WA;Estados Unidos
Naples;Estados Unidos
Nashville;Estados Unidos
Natchitoches, La;Estados Unidos
Nellis;Estados Unidos
New Delhi;Estados Unidos
New Orleans AP;Estados Unidos
New Orleans, LA;Estados Unidos
New York, NY;Estados Unidos
Newark, N.J.;Estados Unidos
Newark, NJ;Estados Unidos
Newwark;Estados Unidos
Nicosia;Estados Unidos
Nizhnevartovsk;Estados Unidos
Nome;Estados Unidos
Norfolk, VA;Estados Unidos
Nova Lisboa;Estados Unidos
Oakland, CA;Estados Unidos
Odessa, TX;Estados Unidos
Ogden Hill AFB;Estados Unidos
Ogden, UT;Estados Unidos
Oklahoma;Estados Unidos
Old Harbor;Estados Unidos
Olekminsk;Estados Unidos
Omaha;Estados Unidos
Omaha, NE;Estados Unidos
Ontario;Estados Unidos
Oran;Estados Unidos
Orlando, FL;Estados Unidos
Oroville, CA;Estados Unidos
Ostrava;Estados Unidos
Otis AFB;Estados Unidos
Paipa;Estados Unidos
Palm Springs;Estados Unidos
Palmdale;Estados Unidos
Palmer;Estados Unidos
Pan Am building;Estados Unidos
Parachuting;Estados Unidos
Pastaza;Estados Unidos
Patuxent River NAS;Estados Unidos
Patuxent River, NAS;Estados Unidos
Pensacola;Estados Unidos
Pescara;Estados Unidos
Philadelphia;Estados Unidos
Philidelphia;Estados Unidos
Phoenix;Estados Unidos
Phoenix, AZ;Estados Unidos
Pittsburg;Estados Unidos
Pittsburgh;Estados Unidos
Pittsburgh, PA;Estados Unidos
Pocatello;Estados Unidos
Point Barrow;Estados Unidos
Pope Field;Estados Unidos
Port Colombus, OH;Estados Unidos
Portland;Estados Unidos
Portland, OR;Estados Unidos
Pueblo, CO;Estados Unidos
Quibdó;Estados Unidos
Rabaul;Estados Unidos
RAF Scampton;Estados Unidos
Raleigh, NC;Estados Unidos
Ramstein AFB;Estados Unidos
Rapid City;Estados Unidos
Reconnaissance flight;Estados Unidos
Redmond;Estados Unidos
Reno, NV;Estados Unidos
Reynosa;Estados Unidos
Richland, WA;Estados Unidos
Richmond;Estados Unidos
Richmond, VA;Estados Unidos
Rio Verde;Estados Unidos
Rockford;Estados Unidos
Russian Mission;Estados Unidos
Sabine Pass;Estados Unidos
Sacramento, CA;Estados Unidos
Saint Louis, MO;Estados Unidos
Saint Thomas;Estados Unidos
Salt Lake;Estados Unidos
Salt Lake City;Estados Unidos
Salzbourg;Estados Unidos
San Antionio;Estados Unidos
San Antonio;Estados Unidos
San Diego, CA;Estados Unidos
San Francisco;Estados Unidos
San Francisco, CA;Estados Unidos
San Fransisco;Estados Unidos
San Jose, CA;Estados Unidos
San Marcos;Estados Unidos
San Palo;Estados Unidos
San Pedro, CA;Estados Unidos
San Ramon;Estados Unidos
San Vicente del Caguán;Estados Unidos
Sand Point;Estados Unidos
Santa Ana, CA;Estados Unidos
Santa Maria;Estados Unidos
Santa Monica;Estados Unidos
Sante Fe, NM;Estados Unidos
Sao Palo, Brazil;Estados Unidos
Savannah;Estados Unidos
Savannakhét;Estados Unidos
Shelter Cove, CA;Estados Unidos
Shemya;Estados Unidos
Shemya, AK;Estados Unidos
Shreveport;Estados Unidos
Sightseeing;Estados Unidos
Sigonella;Estados Unidos
Sofia;Estados Unidos
Soldotna;Estados Unidos
Split;Estados Unidos
Springfield, IL;Estados Unidos
St Croix, VI;Estados Unidos
St. Croix;Estados Unidos
St. John, VI;Estados Unidos
St. Johns, AZ;Estados Unidos
St. Louis;Estados Unidos
St. Thomas, VI;Estados Unidos
Steamboat Springs;Estados Unidos
Stephenville;Estados Unidos
Stettin;Estados Unidos
Stewart;Estados Unidos
Stockton;Estados Unidos
Stockton, CA;Estados Unidos
Syracuse;Estados Unidos
Tachikawa AB;Estados Unidos
Tallin;Estados Unidos
Tampa;Estados Unidos
Tazovskoye;Estados Unidos
Teterboro;Estados Unidos
Toledo;Estados Unidos
Topeka;Estados Unidos
Travis;Estados Unidos
Travis AFB;Estados Unidos
Trinidad;Estados Unidos
Troy;Estados Unidos
Tulsa;Estados Unidos
Tumaco;Estados Unidos
Ufa;Estados Unidos
Ul'yanovsk;Estados Unidos
Unalakleet and Nome;Estados Unidos
Vaeroy;Estados Unidos
Valle grande;Estados Unidos
Visalia;Estados Unidos
Vitoria;Estados Unidos
Wake Island;Estados Unidos
Warsaw, Poland;Estados Unidos
Washington;Estados Unidos
Washington D.C.;Estados Unidos
Washington DC;Estados Unidos
Waurika, OK;Estados Unidos
Wendover Field;Estados Unidos
West Palm Beach;Estados Unidos
Westover AFB;Estados Unidos
Wewak;Estados Unidos
Whitting NAS;Estados Unidos
Wichita;Estados Unidos
Wilmington;Estados Unidos
Windsor Locks;Estados Unidos
Wrangell, AK;Estados Unidos
Yakima;Estados Unidos
Yakutat;Estados Unidos
Yellahanka;Estados Unidos
Zamboanga;Estados Unidos
Zurich;Estados Unidos
Iwakuni;Estonia
Parnu;Estonia
Saint Louis;Estonia
Talinn, Estonia;Estonia
Tallinn, Estonia;Estonia
Addis Ababa;Etiopía
Alexandria;Etiopía
Ambo;Etiopía
Dire Dawa;Etiopía
Karaganda;Etiopía
Prague, Czechoslovakia;Etiopía
Soddu;Etiopía
Bacolod;Filipinas
bang;Filipinas
Basilan;Filipinas
Cagayan de Oro;Filipinas
Cagayancillo;Filipinas
Cebu;Filipinas
Clark Field, Philippines;Filipinas
Coron Island;Filipinas
Cotabato Cty;Filipinas
Cuzco;Filipinas
Dakar;Filipinas
Iligan;Filipinas
Iloilo;Filipinas
Kalibo;Filipinas
Kostroma;Filipinas
Kuala Lampur;Filipinas
Laoag;Filipinas
Mactan;Filipinas
Mamburao;Filipinas
Manila;Filipinas
Medellín;Filipinas
Nakhom Phanom AB;Filipinas
Norfolk;Filipinas
Ozamis City;Filipinas
San Fernando;Filipinas
San Pablo;Filipinas
Siocon;Filipinas
St. Johns;Filipinas
Subi Point;Filipinas
Subic Bay;Filipinas
Tacloban;Filipinas
Terhan, Iran;Filipinas
Terney;Filipinas
Test Flight;Filipinas
Idlewild;Finlandia
Juliaca;Finlandia
Kokkola;Finlandia
Kuopio;Finlandia
Luena;Finlandia
Turku;Finlandia
Mukachevo;Fiyi
Nausori;Fiyi
Savu Savu;Fiyi
Suva;Fiyi
Algiers – Marseille;Francia
Aspen;Francia
Bangalore;Francia
Changsha;Francia
Chateaudun;Francia
Cherboug;Francia
Delivery flight;Francia
Dijan;Francia
Dover AFB;Francia
Dreux;Francia
Evreux;Francia
France;Francia
Gilgit;Francia
Great Falls;Francia
Guadeloupe;Francia
Koweit City;Francia
Le Havre;Francia
Lenakel;Francia
London, England;Francia
Lyons;Francia
Madras;Francia
Marseille;Francia
Marseilles, France;Francia
Moscow;Francia
Nantes;Francia
Narsarsuaq;Francia
New York;Francia
Noumea;Francia
Papeete, French Polynesia;Francia
Paris;Francia
Paris, France;Francia
Pau;Francia
Quiddo;Francia
Raleigh;Francia
Saint Pierre;Francia
San José;Francia
São Paulo;Francia
Southend, England;Francia
Strasbourg;Francia
Toulouse;Francia
Venice;Francia
Victoria;Francia
Warszawa;Francia
Kuala Lumpur;Gabón
Libreville;Gabón
Barranquilla;Georgia
Batumi;Georgia
Kutaisi;Georgia
Tbilisi;Georgia
Accra, Ghana;Ghana
Tamale;Ghana
Gibraltar;Gibraltar
Anchorage, AK;Grecia
Chania;Grecia
Cologne, Germany;Grecia
Corfu;Grecia
Heraklion, Greece;Grecia
Novosibirsk;Grecia
Thessaloniki;Grecia
Joaçaba;Groenlandia
Sondre Stromfjord;Groenlandia
Guam;Guam
Guatemala City;Guatemala
Oradea;Guatemala
Tivat;Guatemala
Villa Constitucion;Guatemala
Conakry;Guinea
Conakry, Guinea;Guinea
Bata;Guinea Ecuatorial
Malabala, Bioko Island;Guinea Ecuatorial
Uncertain;Guinea Ecuatorial
Georgetown;Guyana
Ogle, Guyana;Guyana
Cap Haitien;Haití
Les Cayes;Haití
Port Au Prince;Haití
Catacamas;Honduras
Copan;Honduras
Hargeisa;Honduras
Near Tegucigalpa;Honduras
San Pedro Sula;Honduras
Tegucigalpa;Honduras
Yoro;Honduras
Victoria harbor;Hong Kong
Budapest;Hungría
Budapest, Hungary;Hungría
Agathi;India
Asansol;India
Ashiya;India
Aurangabad;India
Baltimore, MD;India
Bardufoss;India
Barrackpore;India
Bilbao;India
Bombay;India
Bridgetown;India
Calcutta;India
Cebu;India
Chabau, India;India
Chabua;India
Chandigarh;India
Chennai (Tambram AFB);India
Dehli;India
Delhi;India
Dinjan;India
Hanoi;India
Jorhat;India
Kingston;India
Ludana;India
McChord AFB;India
Mechuka;India
Miami, FL;India
Mohanbari;India
Mumbai;India
New Port News;India
Novorossiysk;India
Pune;India
Rome;India
Saint Denis;India
Shimla;India
Silchar;India
Silchar, India;India
Silhcar;India
Simrla;India
Srinagar;India
Srinngar;India
Tel Aviv;India
Thiruvanthapuram, India;India
Alexandria, Egypt;Indonesia
Ambon, Indonesia;Indonesia
Balikpapan;Indonesia
Banda Aceh;Indonesia
Bandar Lampung;Indonesia
Bandung;Indonesia
Bangdung;Indonesia
Banjarmasin;Indonesia
Batavia;Indonesia
Bima;Indonesia
Denpasar;Indonesia
Djakarta;Indonesia
Frankfort;Indonesia
Goma;Indonesia
Jakarta;Indonesia
Jakarta, Indonesia;Indonesia
Java;Indonesia
Jayapura;Indonesia
Kota;Indonesia
Manado;Indonesia
Mataram;Indonesia
Medan;Indonesia
Merauke;Indonesia
Mokmer;Indonesia
Mulia;Indonesia
Nabire;Indonesia
Palangkaraya;Indonesia
Palu;Indonesia
Pangkal Pinang;Indonesia
Perm;Indonesia
Pitu;Indonesia
Pointe;Indonesia
Pontianak;Indonesia
Sampit;Indonesia
San Luis Obispo;Indonesia
Semarang;Indonesia
Sorong;Indonesia
Surabaya;Indonesia
Surabaya, East Java;Indonesia
Talang Betutu;Indonesia
Tarakan;Indonesia
Timik;Indonesia
Timika;Indonesia
Tual;Indonesia
Wamena;Indonesia
Charlotte;Inglaterra
Croydon;Inglaterra
London;Inglaterra
Luton;Inglaterra
Manston;Inglaterra
Matamoros;Inglaterra
Bagdad;Irak
Baghdad;Irak
Fallujah;Irak
Grand Canyon National Park;Irak
Babol Sar;Irán
Bakhtaran;Irán
Bandar Manshahr;Irán
Chiraz;Irán
Dezful;Irán
Fort Lewis, WA;Irán
Isfahan;Irán
Kish Island;Irán
Luena;Irán
Meshed;Irán
N'Djamena;Irán
Port Moresby;Irán
Resistencia;Irán
Shiraz;Irán
Sofia;Irán
South Nanek, AK;Irán
Tehran;Irán
Tehran, Iran;Irán
Zahedan;Irán
Dublin, Ireland;Irlanda
Foynes, Ireland;Irlanda
Peoria, IL;Irlanda
Shannon;Irlanda
Wake;Isla Wake
Reykjavik;Islandia
Reykjavík;Islandia
Reykjavík, Iceland;Islandia
Vestmannaeyar Island;Islandia
Vestmannaeyjar;Islandia
Sawyer;Islas Maldivas
Ithaca;Islas Marshall
Kwajzalein;Islas Marshall
Homer;Islas Santa Elena
Koenigberg;Israel
Labuan;Israel
San Luis Acatlán;Israel
Alghero;Italia
Aviano;Italia
Bari, Italy;Italia
Boise, ID;Italia
Cagliar;Italia
Catania;Italia
Chicago, IL;Italia
Croyden;Italia
Florence;Italia
Guidonia;Italia
Hamada al Hambra;Italia
Ivano;Italia
Krakow;Italia
Krasnovodsk;Italia
Lyon;Italia
Milan;Italia
Milano;Italia
Pango Pango;Italia
Rivolto;Italia
Rome;Italia
San José San Isidro de El General;Italia
Sturdee;Italia
Tijuana;Italia
Turin;Italia
Vancouver;Italia
Venezia;Italia
Venice Taliedo;Italia
Verona;Italia
Villafranca, Italy;Italia
Vilnius;Italia
Kingston, Jamaca;Jamaica
Miandrivazo;Jamaica
Popayan;Jamaica
Ashiya AB;Japón
Atsugi, Japan;Japón
Cabimas;Japón
Chitose;Japón
Iwo Jima AFB;Japón
Jackson;Japón
Kagoshima;Japón
Lille;Japón
Myrtle Beach;Japón
Naha AB;Japón
Okinawa;Japón
Osaka;Japón
Port Elizabeth;Japón
Sapporo;Japón
Tokyo;Japón
Tokyo, Japan;Japón
Vientiane;Japón
Winnipeg;Japón
Jersey, Channel Islands;Jersey
Aman;Jordania
Amman;Jordania
Amman, Jordan;Jordania
Aqaba AFB;Jordania
Alma Ata;Kazajistán
Almaty;Kazajistán
Astana;Kazajistán
Canaima;Kazajistán
Kokshetau;Kazajistán
Semipalatinsk;Kazajistán
Kenya;Kenia
Kisumu;Kenia
Kitale;Kenia
Mombasa;Kenia
Mombasa, Kenya;Kenia
Nairobi, Kenya;Kenia
Roswell;Kenia
Bishkek;Kirguistán
Frunze;Kirguistán
Frunze, Kyrgyzstan;Kirguistán
Talas, Kyrgyzstan;Kirguistán
Pristina;Kosovo
Kuwait City;Kuwait
Copiapó;Laos
Detroit;Laos
Long Tieng, Laos;Laos
Luang Prabang;Laos
Pakse;Laos
Savannakhet;Laos
Valencia;Laos
Riga;Letonia
Riga, Latvia;Letonia
Beirut;Líbano
Williams AFB;Líbano
La Liberiad;Liberia
Benghazi;Libia
El Adem;Libia
Misurata;Libia
Radio surveillance mission;Libia
Sebha;Libia
Tripol;Libia
Tripoli IAP;Libia
Tripoli, Libya;Libia
Mineral Waters;Lituania
Luxembourg;Luxemburgo
Skopje;Macedonia del Norte
Demonistration;Madagascar
Maintirano;Madagascar
Mogadishu;Madagascar
Nairobi;Madagascar
Ba Kelalan;Malasia
Bario;Malasia
Butterworth;Malasia
Davao City;Malasia
Eirunepe;Malasia
Kota Kinabalu;Malasia
Kuala Lumpur ;Malasia
Penang;Malasia
Bicharest;Malaui
Hat Yai;Malaui
Bamako;Malí
Eielson;Malí
LaTuque;Malí
Luqa;Malta
Malta;Malta
Brindisi;Marruecos
Casablanca, Morocco;Marruecos
Hassani;Marruecos
Kenitra;Marruecos
Lebourget, France;Marruecos
New York City;Marruecos
Tanger;Marruecos
Tetouan;Marruecos
Fort de France, Martinque;Martinica
Nema;Mauritania
Nouakchott;Mauritania
Acapulco;México
Alameda;México
Antananarivo;México
Bahawalpur;México
Bremerton;México
Campo Militar Marte;México
Cancun;México
Churchhill;México
Ciudad Juarez;México
Cozumel;México
Croydon, England;México
Dorango;México
Durango;México
Durango Zapotes;México
Fort Worth, TX;México
Grada Zuma, Bahamas;México
Guadalajara;México
Hualien;México
Jalapa;México
Kaohsiung;México
Lazaro;México
Los Mochis;México
Mazatlan;México
Merida;México
Mexicale;México
Mexicali;México
Monterey, Mexico;México
Mount Hagen;México
Oakland;México
Palenque;México
Puebla;México
Puerto Vallarta;México
Salzburg;México
San Diego;México
San Pedro;México
Sofia IAP;México
Tapachula;México
Toulouse, France;México
Tucuman;México
Tuxtla Gutierrez;México
Van Nuys, CA;México
Windhoek;México
Pohnpei;Micronesia
Chisinau;Moldavia
Chrisinau, Moldova;Moldavia
Erdenet;Mongolia
Quito;Mongolia
Tomonoco;Montenegro
Beira, Mozambique;Mozambique
Chimoio;Mozambique
Maputo, Mozambique;Mozambique
Quelimane;Mozambique
Vieux Fort;Mozambique
Block Island, RI;Myanmar
Gwalior;Myanmar
Khost;Myanmar
Mandalay;Myanmar
Meiktila;Myanmar
Myeik;Myanmar
Naypyidaw;Myanmar
Papun;Myanmar
Rangoon;Myanmar
Thandwe;Myanmar
Yangon;Myanmar
Kham Duc;Namibia
Asuncion, Paraguay;Nepal
Axum;Nepal
Bairahawa;Nepal
Bajhang;Nepal
Jomsom;Nepal
Jumla;Nepal
Kathmandu;Nepal
Katmandou;Nepal
Lamidanda;Nepal
Lviv;Nepal
Nepalganj;Nepal
Pokhara;Nepal
Saint Croix;Nepal
Simara;Nepal
Surkhet;Nepal
Managua;Nicaragua
Siuna;Nicaragua
Niamey;Níger
Abuja;Nigeria
Calabar;Nigeria
Enugu;Nigeria
Jos;Nigeria
Kaduna;Nigeria
Kano;Nigeria
Lagos;Nigeria
Lagos, Nigerai;Nigeria
Port Harcourt;Nigeria
Alesund;Noruega
Bergen;Noruega
Fornebu;Noruega
Las Palmas;Noruega
Ludwigsburg;Noruega
Muya;Noruega
Oslo;Noruega
Oslo, Norway, New York, NY;Noruega
Panama City;Noruega
Pathankot;Noruega
Stavanger;Noruega
Tromso;Noruega
Trondheim;Noruega
Auckland, NZ;Nueva Zelanda
Blenheim;Nueva Zelanda
Christchurch;Nueva Zelanda
Churchchrist;Nueva Zelanda
Fox Glacier Airstrip;Nueva Zelanda
Gisborne;Nueva Zelanda
Glentanner;Nueva Zelanda
Hanoi, Vietnam;Nueva Zelanda
Palmerston;Nueva Zelanda
Palmerston North;Nueva Zelanda
Paraparaumu;Nueva Zelanda
Queenstown;Nueva Zelanda
Stewart Island;Nueva Zelanda
Wellington;Nueva Zelanda
Alicante;Países Bajos
Billings;Países Bajos
Casper, WY;Países Bajos
Haamstede;Países Bajos
Ketchikan;Países Bajos
Testing;Países Bajos
Texel;Países Bajos
Tripoli;Países Bajos
Chaklala – Mauripur;Pakistán
Chitral;Pakistán
Gilgit;Pakistán
Hopkinsville, KY;Pakistán
Islamabad;Pakistán
Jacobabad;Pakistán
Karachi;Pakistán
Khewra;Pakistán
Lahore;Pakistán
Manokwari;Pakistán
Multan;Pakistán
Oostende, Belgium;Pakistán
Peshawar;Pakistán
Rawalpindi;Pakistán
Volgograd;Pakistán
Palestine;Palestina
Colon;Panamá
David;Panamá
Panama City;Panamá
Panama City, Panama;Panamá
Tocumen;Panamá
Tombouctou;Panamá
Alotou;Papúa Nueva Guinea
Bosavi;Papúa Nueva Guinea
Chimbu;Papúa Nueva Guinea
Fort Smith;Papúa Nueva Guinea
Hoskins;Papúa Nueva Guinea
Lae;Papúa Nueva Guinea
Launceston, Tasmania;Papúa Nueva Guinea
Lorengau;Papúa Nueva Guinea
Madang;Papúa Nueva Guinea
Menyamya;Papúa Nueva Guinea
Milne Bay;Papúa Nueva Guinea
Nadzab;Papúa Nueva Guinea
Naples, FL;Papúa Nueva Guinea
Oksapmin;Papúa Nueva Guinea
Port Moreaby;Papúa Nueva Guinea
Port Moreby;Papúa Nueva Guinea
Port Moresby;Papúa Nueva Guinea
Port Morsbey;Papúa Nueva Guinea
Tabubil;Papúa Nueva Guinea
Woitape;Papúa Nueva Guinea
Asuncion;Paraguay
Bahia Negra;Paraguay
Nanjing;Paraguay
Chiclayo;Perú
Condorcanqui;Perú
Elefsis AB;Perú
Huanuco;Perú
Iquitos;Perú
Khartoum;Perú
Lima;Perú
Lima, Peru;Perú
Lima, Peu;Perú
Mazamari;Perú
Mazuco;Perú
Pucallpa;Perú
Tarapoto;Perú
Tikis;Perú
Tingo Maria;Perú
Trujillo;Perú
Tumbes;Perú
Moorea;Polinesia Francesa
Ankara;Polonia
Boston;Polonia
Cagliari;Polonia
Eielson AFB;Polonia
Macao;Polonia
Palembang;Polonia
Sawyer AFB;Polonia
Warsaw;Polonia
Al Arish;Portugal
Boeing Field;Portugal
Cabo Ruivo;Portugal
Kildala;Portugal
Lajes;Portugal
Leipzig;Portugal
Ponta Delgada;Portugal
Terceira;Portugal
Chittagong;Puerto Rico
Juana Díaz;Puerto Rico
Mayaguez;Puerto Rico
Roosevelt Roads NS;Puerto Rico
San Juan;Puerto Rico
San Juan, PR;Puerto Rico
Aberdeen;Reino Unido
Albuquerque;Reino Unido
Bedford;Reino Unido
Bermuda;Reino Unido
Birmingham;Reino Unido
Birmingham, England;Reino Unido
Blackbushe, UK;Reino Unido
Bovingdon;Reino Unido
Bristol;Reino Unido
Calgary;Reino Unido
Cardiff;Reino Unido
Cardiff, Wales, UK;Reino Unido
Cardington, England;Reino Unido
Corpus Christi;Reino Unido
Dieppe, France;Reino Unido
Down Ampney;Reino Unido
East Midlands;Reino Unido
England;Reino Unido
Florianpolis;Reino Unido
Frankfurt, Germany;Reino Unido
Glascow;Reino Unido
Heston;Reino Unido
Hue;Reino Unido
Inverness;Reino Unido
Islay;Reino Unido
Isle of Man;Reino Unido
Isles of Scilly;Reino Unido
Istanbull;Reino Unido
Las Palmas, Canary Islands;Reino Unido
Leeds;Reino Unido
Liverpool;Reino Unido
Manchester;Reino Unido
Margate;Reino Unido
Merryfield;Reino Unido
Mers Nueva;Reino Unido
Northolt;Reino Unido
Oban;Reino Unido
Penzance;Reino Unido
RAF Lakenheath;Reino Unido
RAF Scrampton;Reino Unido
Ridgewell;Reino Unido
Salisbury;Reino Unido
Southend;Reino Unido
St. Mawan, England;Reino Unido
Stansted;Reino Unido
Sydenham;Reino Unido
thampton;Reino Unido
Thorney Island;Reino Unido
Tortola Virgin Islands;Reino Unido
Toulon;Reino Unido
Twinwood, England;Reino Unido
Bangui, CAR;República Centroafricana
Berbérati;República Centroafricana
Boston, MA;República Checa
Chita;República Checa
Elmendorf;República Checa
Jerusalem;República Checa
Pardubice, Czech Republic;República Checa
Port Aransas;República Checa
Taiwan;República de China
Fort Belvoir;República del Congo
Odessa;República del Congo
Pepa, Congo;República del Congo
Pointe Noire;República del Congo
Boende;República Democrática del Congo
Boende, Congo;República Democrática del Congo
Bukavu;República Democrática del Congo
Buknavu;República Democrática del Congo
Bunia;República Democrática del Congo
Cheboksary;República Democrática del Congo
Goma;República Democrática del Congo
Kindu;República Democrática del Congo
Kinshasa;República Democrática del Congo
Kinshasa,;República Democrática del Congo
Kinshasa, Congo;República Democrática del Congo
Kisangani;República Democrática del Congo
Kisangi;República Democrática del Congo
Kongolo;República Democrática del Congo
Leopoldville;República Democrática del Congo
Lodja;República Democrática del Congo
Lubumbashi;República Democrática del Congo
Lugushwa;República Democrática del Congo
Manono;República Democrática del Congo
Mexico City;República Democrática del Congo
Nice;República Democrática del Congo
Stanleyville;República Democrática del Congo
State College;República Democrática del Congo
Taipei, Taiwan;República Democrática del Congo
Ujung Pandang;República Democrática del Congo
Walikale;República Democrática del Congo
Puerto Plata;República Dominicana
Santa Cruz de Barahona;República Dominicana
Santiago, Dominican Republic;República Dominicana
Santo Domingo;República Dominicana
Cork;Reunión
Kigali, Rwanda;Ruanda
Baia Mare;Rumania
Bra?ov;Rumania
Bucurest;Rumania
Ciudad Bolivar;Rumania
Constanta;Rumania
India;Rumania
Timisoara;Rumania
Abakan;Rusia
Amderma;Rusia
Anadyr;Rusia
Anapa;Rusia
Arkhangelsk;Rusia
Berranca Bermeja;Rusia
Bien Hoa;Rusia
Biysk;Rusia
Buckley ANGB;Rusia
Cape Chelyuskin;Rusia
Chelyabinsk;Rusia
Chkalovsky AB;Rusia
Chokurdakh;Rusia
Coolangatta;Rusia
Da Nang;Rusia
Daet;Rusia
Dzhida;Rusia
El Palomar AB;Rusia
Elizovo;Rusia
Ellsworth AFB;Rusia
Hattiesburg, MS;Rusia
Igarka;Rusia
Irkutsk;Rusia
Jacksonville;Rusia
Kamchatka;Rusia
Karsnoyarsk;Rusia
Kazan;Rusia
Khabarovsk;Rusia
Khanty;Rusia
Khatanga;Rusia
Kirensk;Rusia
Kranoyarsk;Rusia
Krasnadar;Rusia
Krasnodar;Rusia
Krasnoyarsk;Rusia
Kuibyshev;Rusia
Kyzyl;Rusia
Leningrad;Rusia
Lensk;Rusia
Louisville, KY;Rusia
Magadan;Rusia
Magdan;Rusia
Makhachkala;Rusia
Medellin;Rusia
Mirnyy;Rusia
Monrovia;Rusia
Monterrey;Rusia
Moscow;Rusia
Moscow, Russia;Rusia
Moses Lake;Rusia
Nalchik;Rusia
Nikolayevsk;Rusia
Noril'sk;Rusia
Norisk;Rusia
Okhotsk;Rusia
Olyokminsk;Rusia
Omsk;Rusia
Panchkhal;Rusia
Perry Island;Rusia
Petropavlovsk;Rusia
Plattsburgh;Rusia
Rostov;Rusia
Roxas City;Rusia
Ryazan;Rusia
Saint Petersburg;Rusia
Samarinda;Rusia
Singapour;Rusia
Sioux Lookout;Rusia
Smolensk;Rusia
Snegamook Lake;Rusia
Sochi;Rusia
St. Petersburg;Rusia
Starllingrad;Rusia
Stavropol;Rusia
Surgut;Rusia
Sverdlovsk;Rusia
Syktyvkar;Rusia
Tarko;Rusia
Toamasina;Rusia
Tomsk;Rusia
Tyumen;Rusia
Tyurmen;Rusia
Uaxactun;Rusia
Uchur;Rusia
Ust;Rusia
Vanavara;Rusia
Veracruz;Rusia
Vitim;Rusia
Vorkuta;Rusia
Voronezh;Rusia
Yaroslavl;Rusia
Yekaterinburg;Rusia
Yushno;Rusia
Yuzhno;Rusia
Zumba;Rusia
Zyryanka;Rusia
Dakhla;Sáhara Occidental
Pago Pago;Samoa Americana
Vieques, PR;Samoa Americana
Apia, Western Samoa;Samoa Occidental
St. Maarten;San Martín
Union Island;San Vicente y las Granadinas
Biratnagar;Santa Lucía
São Tomé;Santo Tomé y Príncipe
Tallinn;Senegal
Tambacounda;Senegal
Belgrade;Serbia
Beograd;Serbia
Flores;Serbia
Freetown;Sierra Leona
Alma;Singapur
Singapore;Singapur
Varsovie;Singapur
Aleppo;Siria
Damascus;Siria
Kuweires Air Base;Siria
Mogadishu;Somalia
Mogadishu, Somalia;Somalia
Ulan;Somalia
El Yopal;Somalilandia
Anuradhapura;Sri Lanka
Ban Xon;Sri Lanka
Jaffna;Sri Lanka
Jaffna/Palaly AFB;Sri Lanka
Negombo;Sri Lanka
Ratmalana;Sri Lanka
Azores;Sudáfrica
Durban;Sudáfrica
Grahamtown;Sudáfrica
Hannover;Sudáfrica
Johannesberg;Sudáfrica
Johannesburg;Sudáfrica
Johannesburg, South Africa;Sudáfrica
Kokand;Sudáfrica
M'bala;Sudáfrica
Nancy;Sudáfrica
Pretoria;Sudáfrica
El Obeid;Sudán
Geneina;Sudán
Kartoom;Sudán
Kassala;Sudán
Khartoum;Sudán
Port Sudan;Sudán
Trinity;Sudán
Wadi Halfa;Sudán
Carterville, GA;Sudán del Sur
Jiech;Sudán del Sur
Juba;Sudán del Sur
Pieri;Sudán del Sur
Wau;Sudán del Sur
Karlstad;Suecia
Malmo;Suecia
Stockholm;Suecia
Stockholm, Sweden;Suecia
Billund;Suiza
Eglisau;Suiza
Geneva;Suiza
Genèva;Suiza
Guatamala City;Suiza
Locorno;Suiza
Newark;Suiza
Zurich;Suiza
Zürich;Suiza
Baranquilla;Surinam
Paramaribo, Suriname;Surinam
Bangkok;Tailandia
Betong;Tailandia
Clark AFB;Tailandia
Guayaramerin;Tailandia
Heho;Tailandia
Khon Kaen;Tailandia
Korat AFB;Tailandia
Sichang;Tailandia
Hawthorne, NV;Taiwán
Hsinchu;Taiwán
Kinmen;Taiwán
Palambang and Jakarta;Taiwán
Pittsburg, PA;Taiwán
Taichung;Taiwán
Taipei;Taiwán
Taitung;Taiwán
Yerevan;Taiwán
Arusha;Tanzania
Bogota;Tanzania
Dar;Tanzania
Leh, Kashmir;Tanzania
Mwanza;Tanzania
Tanzania;Tanzania
Dushanbe;Tayikistán
Khorag;Tayikistán
Lome;Togo
Pohang;Trinidad y Tobago
Port of Spain;Trinidad y Tobago
Trinidad;Trinidad y Tobago
Tunis;Túnez
Ashgabat;Turkmenistán
Chardzhou;Turkmenistán
Cotabato;Turkmenistán
Darwaza;Turkmenistán
Adana;Turquía
Adana, Turkey;Turquía
Banddanack;Turquía
Brownsville;Turquía
Chigorodó;Turquía
Constantinople;Turquía
Diyarbakir;Turquía
Istanbul;Turquía
Istanbul, Turkey;Turquía
Llandow;Turquía
Nagpur;Turquía
Alameda, CA;Ucrania
Big Trout;Ucrania
Bologna;Ucrania
Chernivtsi;Ucrania
Dnepropetrovsk;Ucrania
Ho Chi Minh City;Ucrania
Kamina;Ucrania
Kharkiv, Ukraine;Ucrania
Kharkov, Ukraine;Ucrania
Kiev, Russia;Ucrania
Lvov;Ucrania
Melitopol;Ucrania
San Giusto;Ucrania
Entebbe;Uganda
Entebbe, Uganda;Uganda
Busia;Uganda/Kenia
CCCP;Unión Soviética
Artigas;Uruguay
Carrasco;Uruguay
Mont;Uruguay
Bukhara;Uzbekistán
Davao;Uzbekistán
Leticia;Uzbekistán
Nurata;Uzbekistán
Tashkent;Uzbekistán
Tashkent, Uzbekistan;Uzbekistán
Termez;Uzbekistán
Kerkira;Vanuatu
Ajaccio;Venezuela
Bahar Dar;Venezuela
Caracas;Venezuela
Chetumel;Venezuela
Colombo;Venezuela
Cumana;Venezuela
El Vigia;Venezuela
Juara;Venezuela
Kavanayen;Venezuela
La Orchila Air Base;Venezuela
Las Mercedes;Venezuela
Los Roques;Venezuela
Maiquetía;Venezuela
Maturin;Venezuela
Medrida;Venezuela
New York City, NY;Venezuela
Porlamar;Venezuela
Puerto Ayacucho;Venezuela
Puerto Cabello;Venezuela
Raliegh, NC;Venezuela
San Felipe;Venezuela
Sandoway;Venezuela
An Khe;Vietnam
Anaheim;Vietnam
Berlin, Germany;Vietnam
Cam Ranh Bay AB;Vietnam
Ciudad Bolívar;Vietnam
Cleveland, OH;Vietnam
Kiev;Vietnam
Moron;Vietnam
Phan Rang;Vietnam
Pleiku;Vietnam
Pleiku Qui Nhon;Vietnam
Red River delta;Vietnam
Rochester Minn.;Vietnam
Saigon;Vietnam
Siagon;Vietnam
Spokane;Vietnam
Tikal;Vietnam
Tourane;Vietnam
Vinh;Vietnam
Aden;Yemen
Erzurum;Yemen
Sana'a, Yemen;Yemen
Djibouti;Yibuti
Lusaka;Zambia
Wanaka;Zambia
Kariba;Zimbabue
